puzzle_id,size,rating
12019,75x80,5
2295,70x75,5
3773,90x90,5
12114,75x70,5
4992,80x65,5
4088,65x80,5
2408,80x80,5
6981,80x70,5
6982,80x80,5
3431,70x80,5
8492,80x80,5
6347,75x80,5
50,55x75,5
10826,50x75,5
9716,80x65,5
2449,80x65,5
3115,66x56,5
2401,80x80,5
2127,75x50,5
7300,65x60,5
11431,70x80,5
9507,80x75,5
12108,55x80,5
7322,79x80,5
4427,80x70,5
898,55x65,5
494,60x80,5
12272,80x70,5
5791,55x75,5
8711,95x75,5
4144,80x80,5
6743,80x65,5
11754,80x65,5
3969,80x60,5
5897,77x78,5
338,60x75,5
3354,73x74,5
3099,80x80,5
4540,65x80,5
1401,65x80,5
12326,62x80,5
7032,70x80,5
10049,75x70,5
5726,75x76,5
172,73x75,5
3060,76x63,5
265,80x65,5
979,70x55,5
6338,55x53,5
2194,50x40,5
7354,80x80,5
2383,80x70,5
8091,55x80,5
2927,50x70,5
9405,80x95,5
1997,80x80,5
4247,60x80,5
643,55x75,5
1115,65x75,5
171,60x75,5
12582,75x50,5
4271,75x80,5
2820,70x80,5
1828,75x80,5
1785,65x80,5
5637,80x60,5
531,70x80,5
7485,80x60,5
11871,45x45,5
1888,90x90,5
13646,95x80,5
11870,65x75,5
5760,80x80,5
10060,40x50,5
10464,80x80,5
8131,60x80,5
2609,80x80,5
10016,69x62,5
10218,65x60,5
4935,80x55,5
8746,85x90,5
8197,80x95,5
7439,55x75,5
7365,80x76,5
2116,75x80,5
9406,75x75,5
8018,75x75,5
5289,55x65,5
12655,80x80,5
11862,65x60,5
3435,80x75,5
7167,75x60,5
12214,55x75,5
9282,74x73,5
6380,55x75,5
10841,50x40,5
8097,60x80,5
5859,55x75,5
10008,72x95,5
7536,38x42,5
8820,80x95,5
1552,75x80,5
3105,55x35,5
2796,60x80,5
7781,55x75,5
6622,55x55,5
12699,50x50,5
12407,95x95,5
12686,75x80,5
51,75x75,5
5727,80x70,5
1881,47x65,5
12150,55x80,5
12227,50x40,5
2487,75x80,5
2898,55x80,5
167,70x60,5
11603,60x67,5
12453,64x80,5
2916,55x50,5
3446,80x80,5
6343,70x80,5
3437,75x80,5
4391,59x50,5
129,80x95,5
3561,65x80,5
11672,70x95,5
2794,80x80,5
10469,80x65,5
9191,75x65,5
3221,70x58,5
10067,50x40,5
5715,43x50,5
7587,45x48,5
10159,45x45,5
7487,60x40,5
9283,60x75,5
2554,64x74,5
407,60x65,5
6997,35x52,5
12599,80x55,5
2230,67x80,5
8916,65x80,5
299,65x65,5
5505,55x45,5
7206,47x35,5
3113,68x80,5
3507,61x77,5
10843,55x75,5
11949,80x64,5
12654,80x80,5
9562,70x57,5
7267,45x45,5
3012,76x80,5
10221,80x65,5
7909,55x80,5
2424,50x80,5
2451,50x50,5
10195,75x80,5
4139,50x80,5
11378,60x62,5
7492,45x55,5
1979,45x45,5
10817,45x40,5
6292,72x96,5
9259,60x75,5
2171,45x55,5
4216,42x65,5
1356,55x45,5
9586,70x80,5
6956,77x72,5
6345,50x35,5
5351,45x48,5
763,60x40,5
1929,55x50,5
5210,55x75,5
3475,75x75,5
1645,55x80,5
10197,75x55,5
3899,55x65,5
12104,55x80,5
4825,75x80,5
5416,73x58,5
2937,55x75,5
10576,65x55,5
2769,55x65,5
5748,60x80,5
325,41x45,5
1601,66x40,5
86,40x55,5
6753,55x25,5
6599,74x69,5
8266,55x75,5
5711,80x45,5
10175,55x50,5
8447,80x74,5
10675,70x60,5
5052,80x80,5
12110,55x75,5
9741,50x38,5
3504,60x65,5
2338,45x47,5
8335,50x80,5
11671,80x60,5
7061,55x50,5
3342,50x55,5
11928,55x48,5
3430,69x80,5
7923,45x43,5
4971,70x80,5
1874,35x40,5
5147,35x35,5
11432,55x55,5
492,50x60,5
4014,60x48,5
1117,50x45,5
461,65x60,5
11120,30x46,5
4143,50x80,5
11028,50x50,5
792,50x50,5
8762,55x45,5
11828,40x55,5
8681,65x30,5
8684,79x64,5
8438,35x40,5
10503,75x80,5
2518,70x48,5
3957,50x50,5
9850,45x45,5
3337,50x65,5
297,50x50,5
9300,24x32,5
198,55x70,5
4069,35x50,5
8911,75x70,5
9935,67x78,5
2450,50x46,5
2168,75x50,5
640,30x40,5
11663,93x63,5
6252,70x45,5
6340,55x50,5
2824,50x45,5
4284,25x35,5
1910,45x45,5
1565,75x75,5
178,65x80,5
10711,40x45,5
2453,43x33,5
12557,80x80,5
5015,65x80,5
3343,45x55,5
736,55x45,5
2490,45x45,5
12417,80x77,5
2161,70x50,5
7438,41x49,5
612,40x45,5
12629,80x80,5
9273,55x80,5
136,63x80,5
39,65x47,5
4608,57x32,5
6315,75x68,5
7403,75x65,5
1107,55x55,5
9198,45x45,5
943,68x78,5
1794,60x45,5
10074,40x40,5
6699,65x80,5
12534,38x55,5
339,55x80,5
2602,40x33,5
989,65x65,5
12135,63x38,5
9073,37x54,5
10322,35x50,5
2732,55x75,5
8756,50x30,5
6251,35x25,5
3508,70x80,5
2182,55x40,5
10681,40x40,5
3487,75x50,5
1259,50x74,5
496,53x69,5
11529,40x50,5
2636,77x78,5
2479,58x47,5
10875,80x75,5
3771,64x79,5
211,60x80,5
5525,55x80,5
5594,75x50,5
8697,64x73,5
9651,75x50,5
6572,45x45,5
10450,50x50,5
2170,35x30,5
46,80x79,5
6026,40x45,5
6376,40x55,5
1572,40x40,5
2630,55x75,5
8733,55x45,5
7437,41x36,5
10619,54x53,5
4406,55x75,5
2538,45x45,5
758,70x73,5
10655,35x35,5
13306,80x70,5
8878,70x80,5
6180,60x65,5
5766,80x75,5
2599,55x80,5
11673,80x70,5
6914,60x80,5
11748,55x80,5
7435,55x60,5
2464,50x40,5
12287,35x50,5
3823,45x45,5
1137,45x40,5
8096,27x30,5
11750,65x80,5
10056,45x40,5
5225,65x38,5
11177,40x40,5
5165,70x22,5
10480,50x40,5
6598,50x37,5
8370,45x35,5
3224,45x35,5
4606,65x29,5
6574,60x65,5
5342,58x53,5
1764,60x65,5
11081,65x55,5
6402,25x40,5
4578,70x80,5
7155,45x40,5
6862,41x43,5
6003,25x30,5
2205,70x80,5
5690,80x80,5
7355,70x80,5
12413,60x70,5
11643,70x60,5
5145,45x45,5
5317,35x30,5
5314,55x80,5
3248,75x55,5
2555,55x75,5
8723,52x40,5
4070,50x40,5
11735,69x65,5
10040,80x80,5
11932,70x70,5
7263,50x44,5
2332,70x80,5
10173,45x60,5
12069,45x45,5
2790,50x40,5
12745,55x32,5
1991,80x95,5
9590,76x78,5
2074,55x75,5
9153,28x32,5
6714,70x80,5
11757,45x45,5
502,65x80,5
2681,80x47,5
4858,50x70,5
8456,55x50,5
11971,80x92,5
9841,60x75,5
2117,48x55,5
11358,50x50,5
8922,50x50,5
10831,50x45,5
7612,40x45,5
5096,95x70,5
4543,65x75,5
2940,55x69,5
10407,35x30,5
7887,73x96,5
7269,65x75,5
11255,78x49,5
2701,50x75,5
7033,20x34,5
5457,59x95,5
8591,65x78,5
10750,79x53,5
11371,75x50,5
5460,70x45,5
4086,45x45,5
3517,65x80,5
11007,50x60,5
10148,40x45,5
6494,40x45,5
7047,70x75,5
11026,55x75,5
8331,35x35,5
9493,28x32,5
6132,67x51,5
2204,45x45,5
8691,50x30,5
2503,55x80,5
7258,55x75,5
5545,65x40,5
10752,80x80,5
176,45x45,5
12414,35x45,5
9993,40x45,5
6280,25x70,5
2367,63x88,5
3609,40x50,5
5718,35x45,5
305,36x35,5
9354,50x35,5
1994,45x35,5
1420,80x65,5
1036,60x80,5
7259,45x55,5
5843,75x61,5
9971,70x70,5
10600,65x60,5
1307,56x26,5
11846,58x43,5
11536,60x38,5
706,80x85,5
254,35x42,5
797,80x90,5
12213,80x75,5
9112,67x47,5
8937,40x45,5
6247,45x40,5
4706,40x45,5
11325,40x40,5
2795,55x53,5
9914,25x30,5
3937,45x55,5
5055,45x45,5
11373,44x45,5
2457,45x40,5
5283,35x45,5
1088,40x35,5
10842,75x80,5
8421,74x73,5
11749,55x80,5
3657,65x60,5
7112,65x55,5
3807,65x50,5
7748,55x50,5
5286,40x45,5
1823,40x45,5
8938,40x40,5
4668,40x40,5
1400,35x40,5
9788,75x60,5
4225,55x75,5
2632,55x75,5
4710,48x42,5
621,40x45,5
1883,65x75,5
734,60x78,5
6993,55x45,5
9778,45x50,5
9694,45x30,5
8304,50x40,5
12528,30x45,5
1629,55x80,5
3393,50x58,5
8311,50x30,5
9391,25x25,5
8408,45x40,5
2826,20x20,5
4060,77x55,5
6933,35x45,5
3763,35x35,5
10928,45x45,5
3335,67x80,5
12558,55x75,5
6481,54x70,5
2112,60x55,5
3147,55x40,5
10300,60x45,5
5758,50x50,5
8024,30x45,5
8933,30x25,5
1813,65x80,5
4252,68x68,5
3264,71x49,5
11771,55x55,5
8,55x55,5
9194,45x40,5
7488,35x45,5
4191,35x25,5
10654,70x80,5
8101,60x79,5
9257,65x80,5
6400,45x40,5
2316,80x70,5
6954,80x63,5
10832,70x70,5
1879,67x69,5
8489,45x35,5
10219,69x94,5
6619,80x70,5
8054,80x75,5
12318,49x80,5
8189,55x55,5
8153,58x47,5
5303,45x30,5
3613,55x75,5
12178,50x35,5
7310,74x77,5
11745,55x65,5
10163,50x60,5
12612,45x40,5
5184,43x39,5
3094,28x30,5
4154,70x80,5
9130,50x55,5
2475,26x33,5
10093,80x71,5
6928,30x55,5
4002,27x30,5
4085,25x25,5
10431,45x55,5
11804,45x35,5
4687,36x32,5
429,50x50,5
7084,40x55,5
3501,45x45,5
7037,40x35,5
11500,75x80,5
11758,55x70,5
11594,40x40,5
10514,55x40,5
6512,40x52,5
3459,80x80,5
11122,70x80,5
3515,60x80,5
5107,65x40,5
3241,45x55,5
11645,43x57,5
2092,60x35,5
11365,45x30,5
9855,30x37,5
1354,24x30,5
4323,30x20,5
8832,60x55,5
12488,50x80,5
8086,50x55,5
12519,54x44,5
12444,55x40,5
8844,49x112,5
10053,50x75,5
10737,55x55,5
3904,50x35,5
6245,30x45,5
5284,35x30,5
11815,25x30,5
459,26x24,5
3388,60x80,5
11182,55x75,5
6737,40x50,5
6277,38x52,5
6155,37x45,5
5405,35x25,5
12264,28x29,5
7405,75x80,5
7553,50x72,5
956,50x50,5
3654,71x84,5
1886,75x75,5
4714,65x80,5
10420,36x60,5
8959,40x45,5
10406,45x35,5
2248,32x25,5
8689,31x23,5
8692,34x18,5
5952,80x79,5
10466,60x95,5
6578,34x59,5
1483,35x45,5
3073,35x35,5
7001,30x35,5
12189,25x20,5
2494,18x27,5
9485,30x45,5
10099,80x70,5
9933,80x60,5
2434,55x75,5
12330,50x55,5
228,40x55,5
380,60x30,5
5006,24x35,5
8251,55x60,5
8840,22x34,5
1087,72x73,5
432,75x70,5
2237,55x75,5
11953,70x55,5
10038,38x37,5
6913,60x75,5
11469,62x27,5
6451,35x35,5
4075,35x25,5
6879,68x80,5
10712,55x80,5
4037,35x55,5
318,45x30,5
6006,25x30,5
1638,55x80,5
3779,50x55,5
7074,50x45,5
5074,40x45,5
3788,40x35,5
137,55x75,5
1856,45x45,5
6745,45x35,5
4296,25x32,5
1816,75x80,5
2812,40x45,5
3151,40x30,5
5246,35x25,5
628,35x25,5
11965,32x26,5
258,20x35,5
1411,60x75,5
6313,45x45,5
4533,71x91,5
834,70x70,5
11499,55x75,5
11837,37x37,5
8126,64x67,5
41,70x40,5
3461,45x45,5
10660,32x55,5
7590,55x65,5
11121,22x30,5
9035,76x78,5
9685,25x35,5
7291,29x30,5
5847,40x45,5
7635,65x50,5
11850,35x40,5
642,45x30,5
11817,25x35,5
6536,94x95,5
470,50x35,5
5379,40x35,5
7716,18x37,5
7822,35x35,5
2516,35x25,5
5468,55x66,5
8672,50x60,5
8237,45x40,5
514,35x40,5
9538,25x30,5
29,65x80,5
1877,45x60,5
1778,40x50,5
9332,45x40,5
7642,45x40,5
6463,40x45,5
6591,45x25,5
11873,35x45,5
983,60x40,5
6240,65x61,5
9387,56x42,5
11189,45x45,5
2515,38x48,5
2793,75x80,5
12575,50x74,5
260,27x40,5
11647,60x65,5
54,26x31,5
202,50x55,5
742,45x45,5
2195,40x45,5
4094,45x45,5
6988,35x30,5
11955,45x45,5
12372,23x25,5
768,40x43,5
1211,24x34,5
11825,70x60,5
12232,40x45,5
1579,25x30,5
5123,20x20,5
6801,35x55,5
7494,65x80,5
7507,35x25,5
7911,65x55,5
10260,40x35,5
11515,45x45,5
12408,35x45,5
8721,70x50,5
8951,30x40,5
9780,30x45,5
1263,40x22,5
2815,30x35,5
6440,58x73,5
6080,40x45,5
9375,45x45,5
9951,55x50,5
11721,45x45,5
12487,35x45,5
480,30x30,5
4090,45x45,5
7577,45x33,5
11981,35x45,5
212,67x68,5
1251,50x55,5
4900,60x45,5
6552,40x65,5
31,23x31,5
1482,25x20,5
2180,55x65,5
10141,35x45,5
2537,45x35,5
7048,33x18,5
7198,40x50,5
8298,55x45,5
12359,55x59,5
13504,45x45,5
350,70x80,5
1905,35x50,5
6287,25x50,5
9151,60x60,5
9650,50x35,5
11968,70x50,5
12423,40x45,5
4286,30x24,5
5382,25x22,5
8910,24x26,5
8987,40x50,5
8297,45x55,5
12510,45x45,5
5716,50x50,5
6179,45x35,5
11435,45x55,5
11976,65x80,5
796,55x75,5
1239,40x55,5
2135,45x40,5
2962,25x25,5
5104,75x80,5
5266,45x30,5
6355,35x40,5
8415,25x25,5
1800,50x80,5
1901,40x40,5
2159,30x45,5
2311,80x61,5
6305,50x60,5
6691,54x64,5
8330,25x20,5
8861,55x75,5
9355,35x45,5
11675,65x55,5
11853,35x45,5
143,29x33,5
3285,54x70,5
9120,70x65,5
11512,80x40,5
12246,25x35,5
5798,35x34,5
8332,45x35,5
298,45x40,5
327,50x60,5
3333,65x45,5
6748,50x75,5
7729,17x21,5
7878,33x27,5
8296,40x45,5
10592,60x33,5
12210,46x57,5
4952,44x33,5
8088,35x60,5
8161,25x35,5
9871,47x75,5
11595,54x80,5
516,65x55,5
3924,45x45,5
7087,25x25,5
8720,79x56,5
12578,40x45,5
1094,40x50,5
4021,40x45,5
4647,55x65,5
12113,55x65,5
13472,80x80,5
8238,80x70,5
8551,35x60,5
12162,20x25,5
5936,45x55,5
7285,40x40,5
9705,38x30,5
12091,23x33,5
701,25x28,5
2837,55x75,5
4393,45x40,5
5094,45x40,5
6293,45x60,5
6720,35x40,5
8667,80x60,5
843,40x30,5
1265,45x30,5
1534,40x45,5
3641,31x24,5
5152,25x30,5
5278,45x30,5
9560,75x95,5
11032,40x50,5
11526,46x50,5
7576,35x40,5
11521,35x40,5
4580,40x45,5
5265,32x37,5
7276,45x40,5
7820,25x30,5
9682,55x45,5
1661,30x20,5
1871,63x61,5
3361,60x80,5
3522,34x30,5
8049,30x25,5
8486,45x45,5
10018,30x35,5
3160,35x25,5
4298,40x45,5
5013,50x35,5
5759,56x66,5
6990,35x45,5
8146,35x45,5
10683,74x89,5
416,60x80,5
2160,55x70,5
10918,35x37,5
11430,50x60,5
11740,77x51,5
11833,20x30,5
12819,70x93,5
3649,20x30,5
4734,50x50,5
5339,75x40,5
3481,30x50,5
6595,55x38,5
6640,50x70,5
981,40x45,5
1359,60x50,5
1568,67x61,5
1738,40x50,5
2124,45x35,5
2659,25x35,5
3247,45x30,5
3513,55x80,5
4188,45x35,5
4770,55x80,5
5319,50x29,5
7426,25x30,5
8570,29x31,5
267,80x80,5
858,45x25,5
4303,18x28,5
4442,55x65,5
9171,75x50,5
10139,45x45,5
11618,35x30,5
1229,25x25,5
3412,50x35,5
3652,25x26,5
5292,45x50,5
8683,70x35,5
8943,45x35,5
4910,25x20,5
6746,33x42,5
920,31x41,5
2241,50x30,5
9819,65x55,5
186,49x46,5
5181,28x18,5
458,25x25,5
5410,30x40,5
6070,55x45,5
7607,23x29,5
10614,40x45,5
10848,56x80,5
4456,60x45,5
6182,45x35,5
11940,55x25,5
12278,55x45,5
1193,35x25,5
4149,75x80,5
5056,48x25,5
6061,30x23,5
4305,35x25,5
9370,30x40,5
7215,70x60,5
1577,80x60,5
4078,35x45,5
4203,55x65,5
4907,45x40,5
4938,45x40,5
5065,25x30,5
6436,30x40,5
9092,70x70,5
10728,40x30,5
11657,65x80,5
2607,40x45,5
2938,35x30,5
6331,50x30,5
12396,55x60,5
1588,79x77,5
6513,50x50,5
8817,35x30,5
11816,40x45,5
13266,55x75,5
1637,70x80,5
5149,55x36,5
5477,75x80,5
6429,25x30,5
8813,57x55,5
1144,40x64,5
2354,75x80,5
7138,35x25,5
8450,23x29,5
8491,70x80,5
11316,25x35,5
6332,34x19,5
593,75x49,5
2136,35x44,5
4304,21x22,5
8477,30x45,5
9051,40x30,5
9365,32x26,5
877,45x30,5
2767,70x75,5
6611,55x35,5
7758,45x45,5
9037,80x58,5
9515,40x38,5
11065,80x80,5
12713,40x55,5
13240,45x40,5
13518,38x49,5
3161,45x40,5
4115,25x35,5
7358,25x25,5
9527,55x60,5
2784,35x45,5
4087,45x35,5
4189,45x18,5
387,50x30,5
11739,45x50,5
2243,25x25,5
4885,45x30,5
7899,26x30,5
9124,40x50,5
7238,55x65,5
8710,55x50,5
9717,45x18,5
5298,16x21,5
7958,73x43,5
10042,25x35,5
3799,30x25,5
3923,38x50,5
5143,25x30,5
10253,65x55,5
11907,45x40,5
5288,35x45,5
5481,25x35,5
7320,55x65,5
7423,29x28,5
7601,33x42,5
149,61x70,5
2436,55x75,5
2549,25x35,5
5487,25x35,5
7910,23x25,5
11826,30x35,5
3008,25x35,5
3486,40x35,5
3989,35x50,5
7031,25x45,5
8253,40x45,5
8930,20x30,5
11619,30x40,5
783,20x21,5
1261,40x50,5
1305,67x50,5
2707,55x65,5
3228,28x22,5
3360,60x80,5
5311,45x40,5
5539,21x19,5
8416,21x17,5
10386,80x45,5
13593,43x35,5
915,55x79,5
3245,35x45,5
3599,38x45,5
4809,35x50,5
9024,22x35,5
12503,30x50,5
13536,40x45,5
3598,43x31,5
5059,45x40,5
6432,35x45,5
8291,80x80,5
9361,37x34,5
10743,34x17,5
12550,29x28,5
1574,45x45,5
2773,45x45,5
5578,28x20,5
6921,45x41,5
8340,30x25,5
9678,45x55,5
10742,75x60,5
12540,35x35,5
1172,35x30,5
2986,45x55,5
3450,25x35,5
5858,55x50,5
7745,35x25,5
10087,75x80,5
10453,45x65,5
13301,35x45,5
1633,65x55,5
2333,55x75,5
2700,35x50,5
3242,30x40,5
4308,25x32,5
5163,45x35,5
7876,50x35,5
10370,28x26,5
3941,35x45,5
4017,28x22,5
11596,55x40,5
12329,21x19,5
390,25x20,5
857,44x45,5
5393,36x45,5
6057,20x30,5
7896,37x40,5
9175,72x64,5
10171,47x31,5
10491,70x76,5
10593,47x14,5
11559,50x75,5
605,46x60,5
3503,30x30,5
6660,25x35,5
8267,65x50,5
13169,30x25,5
548,33x40,5
657,65x52,5
9033,43x37,5
10835,60x60,5
2998,45x40,5
3707,20x30,5
5951,50x65,5
9360,35x25,5
12466,55x75,5
966,35x45,5
2196,25x30,5
2465,33x40,5
2610,40x35,5
3553,65x40,5
4089,40x35,5
4671,25x30,5
7381,55x55,5
8364,27x25,5
8724,45x42,5
9570,30x21,5
7734,69x29,5
8201,80x80,5
8485,35x40,5
10543,30x28,5
10748,63x40,5
11919,50x40,5
89,54x80,5
856,45x55,5
962,40x30,5
1089,40x45,5
6409,45x45,5
7546,40x35,5
13486,40x45,5
3472,25x25,5
5470,40x50,5
7305,55x75,5
7366,23x30,5
7641,30x35,5
7993,30x40,5
8785,23x19,5
8958,40x50,5
9353,20x20,5
12092,60x77,5
277,37x45,5
3705,65x80,5
6636,35x45,5
9543,60x75,5
859,55x33,5
10354,32x27,5
12632,40x33,5
620,35x50,5
1056,70x85,5
5814,50x60,5
6377,28x46,5
11062,26x32,5
12169,35x45,5
13698,29x30,5
5347,35x40,5
5786,33x40,5
6319,30x20,5
13590,40x45,5
317,50x32,5
1827,40x45,5
2270,45x30,5
4080,40x30,5
12183,53x30,5
3428,58x59,5
3720,25x32,5
12754,20x20,5
1835,25x35,5
4604,40x40,5
6119,60x70,5
259,50x25,5
1017,55x80,5
1169,75x70,5
1556,50x55,5
4577,40x45,5
7556,20x25,5
8726,25x35,5
9561,50x35,5
66,47x34,5
3376,40x55,5
5209,80x80,5
5665,55x65,5
7026,55x62,5
9473,30x30,5
10459,60x70,5
12017,45x40,5
1142,50x50,5
2122,20x22,5
2133,35x40,5
2552,45x35,5
8272,45x40,5
8881,30x20,5
9895,55x75,5
9910,50x25,5
10883,47x47,5
11338,25x25,5
532,69x87,5
2685,20x20,5
2905,25x25,5
5236,32x35,5
5279,40x35,5
5800,28x30,5
7715,23x25,5
6426,30x35,5
8208,40x50,5
1670,27x24,5
1793,31x69,5
4438,45x40,5
4755,16x33,5
5300,25x35,5
5421,49x40,5
5602,30x40,5
6938,45x45,5
8066,55x75,5
9644,50x75,5
10140,35x45,5
2368,55x75,5
2413,25x30,5
7013,43x40,5
7746,40x45,5
9285,43x36,5
12494,50x60,5
12691,40x40,5
3395,40x50,5
3914,35x51,5
4509,25x35,5
11,35x50,5
463,50x42,5
2786,30x45,5
4876,30x45,5
6442,25x35,5
9299,15x26,5
11852,19x23,5
3936,35x30,5
4994,32x24,5
6444,35x40,5
6821,50x44,5
7800,25x34,5
8076,55x75,5
8190,45x80,5
10251,45x30,5
11342,45x40,5
12604,47x45,5
2801,65x60,5
3000,25x35,5
3023,30x35,5
4138,55x75,5
4163,50x40,5
4319,46x67,5
6112,45x35,5
8107,52x77,5
10069,35x40,5
10478,40x50,5
10963,25x25,5
11176,40x35,5
11677,30x20,5
503,40x45,5
2178,30x30,5
2634,25x30,5
5794,41x40,5
7598,30x40,5
9860,39x40,5
11269,20x30,5
11379,33x31,5
11762,44x46,5
1892,56x65,5
4871,30x20,5
7483,30x35,5
11580,24x24,5
13448,35x40,5
478,22x25,5
1817,35x45,5
3106,63x80,5
5146,78x62,5
5524,25x35,5
6688,65x80,5
7306,25x60,5
8566,75x63,5
8986,35x40,5
10170,45x45,5
10268,30x20,5
10499,23x30,5
10563,24x33,5
12284,19x25,5
600,33x32,5
1580,35x40,5
3158,61x35,5
4117,20x20,5
9557,35x35,5
9619,20x30,5
10112,35x25,5
11502,25x25,5
11634,20x20,5
11951,26x45,5
919,55x74,5
2197,25x30,5
2473,50x80,5
4394,55x59,5
5909,28x30,5
7424,40x45,5
10091,40x40,5
10699,80x65,5
12569,30x30,5
12688,20x24,5
12835,67x82,5
1099,45x45,5
1863,45x45,5
2897,50x50,5
7119,52x49,5
9554,65x75,5
10030,19x25,5
10117,75x49,5
10686,30x25,5
490,20x20,5
625,55x75,5
6244,45x40,5
6868,35x45,5
9681,45x30,5
10718,22x19,5
807,50x42,5
4313,25x45,5
4425,40x40,5
4430,30x35,5
5771,45x35,5
7247,41x39,5
9908,35x40,5
11806,50x50,5
1325,26x14,5
1747,55x75,5
3949,50x40,5
6861,40x45,5
7902,45x45,5
9520,55x75,5
12253,25x27,5
8151,35x45,5
10463,25x35,5
1204,25x31,5
3520,35x30,5
9068,65x75,5
11592,20x19,5
4470,30x40,5
5821,80x53,5
6439,35x50,5
7040,48x51,5
7193,65x75,5
7256,42x65,5
10098,50x45,5
10951,30x26,5
3046,64x80,5
3891,62x80,5
3974,45x40,5
4351,37x40,5
5183,42x46,5
6422,30x45,5
7337,40x38,5
8271,45x40,5
9714,34x25,5
1542,30x45,5
1640,40x45,5
1911,35x45,5
4096,20x20,5
6275,35x45,5
6415,35x35,5
6421,35x40,5
9080,40x45,5
11760,80x41,5
12163,50x80,5
12917,40x50,5
2647,29x30,5
5793,31x20,5
6497,52x54,5
7829,20x34,5
9350,35x40,5
12701,35x25,5
157,55x45,5
3979,45x40,5
4928,20x20,5
5151,20x20,5
6492,35x35,5
6979,28x29,5
7177,55x55,5
8809,45x35,5
9409,30x35,5
2162,63x71,4
2276,30x45,4
2482,25x35,4
4772,30x30,4
4943,45x26,4
5348,30x45,4
6433,25x25,4
7250,23x30,4
11102,23x32,4
11575,19x24,4
12603,25x20,4
224,50x38,4
4982,45x40,4
5040,50x46,4
11060,24x33,4
11787,34x20,4
12136,45x45,4
12710,17x20,4
12921,31x20,4
128,40x35,4
846,40x45,4
1545,45x50,4
1853,29x26,4
2132,25x35,4
2560,40x50,4
4479,45x35,4
7600,35x25,4
7826,20x25,4
7886,55x45,4
10537,80x80,4
10715,65x80,4
11897,70x70,4
12498,35x40,4
13236,45x40,4
300,75x80,4
641,55x45,4
881,65x80,4
1101,45x43,4
1408,55x75,4
1570,45x40,4
3509,60x80,4
3827,45x45,4
3970,45x35,4
4109,33x49,4
4356,45x35,4
4826,20x20,4
7557,43x46,4
10604,30x30,4
11838,35x30,4
454,28x45,4
1027,45x35,4
1902,40x45,4
3532,30x40,4
4073,35x25,4
6138,50x30,4
7266,55x70,4
7498,24x30,4
10452,45x45,4
10586,33x31,4
11362,78x93,4
11908,40x45,4
13175,31x31,4
737,40x35,4
995,25x30,4
1701,25x25,4
2852,50x30,4
4605,40x35,4
6899,50x48,4
8786,25x17,4
10412,40x50,4
10454,45x45,4
629,35x35,4
735,55x70,4
1822,35x45,4
4688,21x32,4
6449,30x45,4
8544,40x52,4
9633,9x20,4
10356,80x65,4
10528,59x70,4
11309,50x60,4
13596,40x32,4
617,45x35,4
3524,60x45,4
5174,25x25,4
5402,50x50,4
6055,48x63,4
6445,25x30,4
8095,40x40,4
10149,45x30,4
11348,50x50,4
11404,30x50,4
11612,45x35,4
11723,55x75,4
568,25x33,4
1500,50x45,4
1812,25x35,4
3018,70x80,4
3302,40x25,4
4498,45x40,4
4880,66x87,4
5322,45x30,4
7328,55x75,4
10144,35x40,4
10504,55x75,4
12137,45x55,4
510,55x50,4
1357,30x55,4
1854,35x40,4
3583,55x45,4
6001,22x22,4
7930,35x35,4
9297,13x20,4
9903,35x40,4
12321,22x20,4
13085,24x26,4
2935,25x34,4
4251,25x27,4
5365,27x26,4
5899,45x35,4
6410,35x45,4
6977,45x65,4
7148,30x40,4
7871,21x33,4
8727,50x28,4
9210,45x75,4
9386,25x25,4
11192,61x61,4
11768,29x45,4
12452,45x30,4
12590,30x25,4
1598,68x60,4
1651,20x20,4
1766,45x45,4
4157,20x20,4
4311,29x34,4
4544,29x28,4
5029,35x40,4
6216,55x75,4
7434,40x30,4
8823,35x40,4
9050,55x45,4
11793,12x20,4
2280,33x49,4
2288,40x45,4
4527,18x14,4
4996,65x80,4
5172,54x75,4
7821,25x35,4
8459,45x45,4
8714,45x40,4
8845,70x70,4
10820,70x70,4
2613,20x20,4
6320,50x35,4
9123,40x40,4
1092,20x30,4
3514,55x72,4
3600,65x50,4
4180,29x31,4
4965,60x70,4
5060,40x45,4
6299,40x50,4
6351,41x43,4
6755,79x50,4
8106,60x30,4
8337,40x25,4
10691,30x21,4
11132,25x25,4
11298,25x35,4
12509,35x40,4
2016,25x24,4
2675,35x35,4
3313,20x30,4
6974,35x30,4
7011,24x22,4
7024,65x70,4
9737,29x26,4
2711,40x62,4
4240,24x35,4
5744,30x45,4
6701,50x35,4
8413,22x24,4
8585,35x25,4
9277,34x40,4
9759,65x45,4
11027,35x45,4
11756,35x25,4
13078,46x19,4
13589,40x40,4
727,40x50,4
2460,28x21,4
4102,18x35,4
4398,35x50,4
5044,20x40,4
6878,30x35,4
7117,25x25,4
9374,25x45,4
10695,45x45,4
11631,22x17,4
13852,86x86,4
2277,30x65,4
4376,17x15,4
6773,78x79,4
7970,35x42,4
12236,40x45,4
328,50x42,4
542,55x65,4
2039,40x50,4
5235,45x40,4
6325,35x25,4
7976,75x80,4
9460,45x45,4
9476,50x40,4
12348,45x45,4
12542,20x30,4
286,40x35,4
3118,55x75,4
6818,30x29,4
7376,80x90,4
7697,45x45,4
12491,45x45,4
596,33x23,4
759,65x60,4
2314,30x25,4
2911,50x50,4
5809,30x25,4
7362,45x30,4
8312,15x20,4
12416,69x77,4
1086,40x35,4
2750,35x35,4
3394,65x80,4
4788,55x74,4
5483,55x70,4
1225,45x25,4
7359,25x28,4
8186,31x33,4
8300,30x30,4
10447,66x61,4
348,35x34,4
547,55x65,4
7066,35x40,4
9482,75x80,4
2982,45x55,4
4790,38x38,4
7606,30x35,4
9630,80x64,4
10176,35x45,4
12055,55x40,4
13825,35x25,4
816,45x35,4
4348,30x45,4
11383,35x35,4
11957,25x35,4
597,45x35,4
1791,41x38,4
3017,30x25,4
5799,21x24,4
6058,45x35,4
6174,25x25,4
7623,65x76,4
10039,26x34,4
11801,25x25,4
12500,23x26,4
197,40x40,4
217,30x25,4
1212,29x65,4
1729,33x27,4
1805,30x40,4
3439,25x25,4
5803,45x30,4
7797,40x25,4
7848,20x20,4
11818,40x25,4
13243,29x28,4
263,35x50,4
4559,25x30,4
6147,35x45,4
7373,22x20,4
7791,35x45,4
8143,70x70,4
8384,30x19,4
8680,44x33,4
8694,71x84,4
10519,50x70,4
1015,45x40,4
1468,40x40,4
7208,40x45,4
7558,21x30,4
13788,30x25,4
875,22x37,4
3818,24x24,4
4119,20x20,4
4845,30x20,4
4955,30x27,4
5262,45x35,4
5958,15x14,4
7301,20x30,4
8392,23x15,4
12306,25x40,4
1950,25x30,4
3760,35x30,4
4944,25x22,4
5364,25x32,4
8411,40x45,4
12118,20x25,4
616,45x35,4
4516,40x30,4
10807,25x35,4
11936,55x50,4
266,20x20,4
1449,24x22,4
2915,55x64,4
4679,20x25,4
6262,16x22,4
6573,40x50,4
7336,50x40,4
8378,25x25,4
12541,20x24,4
279,75x70,4
329,35x45,4
610,25x45,4
728,35x20,4
2265,50x40,4
2392,25x51,4
2874,35x35,4
3210,50x28,4
4067,28x26,4
7380,50x75,4
7595,45x40,4
7704,25x35,4
8168,51x80,4
11101,40x45,4
11555,23x19,4
12057,45x40,4
13205,42x39,4
699,35x40,4
1175,35x35,4
2339,28x38,4
3686,25x45,4
5988,40x70,4
9367,35x30,4
10102,25x25,4
10780,60x80,4
11234,25x25,4
12584,20x20,4
169,65x80,4
698,49x48,4
1914,80x60,4
2076,45x45,4
2389,45x35,4
3300,64x26,4
4488,23x23,4
4507,55x65,4
5910,49x40,4
6618,60x50,4
8009,35x30,4
8594,30x45,4
11092,25x25,4
536,35x50,4
1846,30x35,4
3130,25x35,4
4159,85x55,4
4489,35x35,4
7692,40x45,4
11496,30x30,4
11836,45x43,4
201,55x80,4
377,50x40,4
482,45x45,4
2422,60x75,4
4103,24x24,4
6672,70x65,4
7227,35x45,4
7253,35x40,4
9201,33x40,4
9368,25x25,4
9573,30x28,4
9729,30x21,4
10089,37x54,4
10929,21x30,4
11593,35x42,4
11646,55x65,4
11796,34x37,4
12147,29x30,4
192,30x45,4
722,44x94,4
1797,35x35,4
3434,35x40,4
4221,30x35,4
4953,18x16,4
6184,25x19,4
12078,45x38,4
346,40x40,4
2485,50x46,4
3254,56x65,4
3398,55x65,4
4352,45x43,4
4975,65x75,4
9712,15x14,4
10208,25x29,4
10252,30x45,4
10461,55x61,4
11227,25x25,4
11892,65x70,4
1925,45x30,4
2322,65x65,4
3399,35x35,4
3577,18x30,4
7268,28x25,4
7508,40x45,4
10306,50x40,4
11107,28x30,4
533,22x33,4
670,30x20,4
2379,30x20,4
3549,15x15,4
4482,70x65,4
9187,45x35,4
10146,35x45,4
10805,30x50,4
10815,24x35,4
10850,73x93,4
319,35x25,4
785,40x45,4
946,50x60,4
1989,35x30,4
3413,25x30,4
5088,40x50,4
5168,72x49,4
8204,55x70,4
8393,45x30,4
9941,30x46,4
11366,23x19,4
11956,32x45,4
12188,28x20,4
12589,30x25,4
392,45x25,4
1440,60x40,4
1909,35x50,4
3973,40x35,4
4831,17x17,4
5502,55x70,4
5558,30x45,4
8085,45x60,4
8214,25x26,4
8299,43x45,4
10207,64x80,4
12337,35x30,4
12570,20x30,4
921,30x55,4
2294,50x60,4
2446,60x80,4
3847,55x80,4
4272,54x75,4
6955,55x35,4
7445,64x46,4
8089,51x53,4
9970,35x45,4
12015,82x83,4
13404,50x50,4
1275,35x30,4
2118,39x14,4
6434,35x45,4
7324,20x20,4
7650,25x25,4
10061,50x45,4
12533,65x70,4
12865,21x24,4
323,80x65,4
1882,54x80,4
2906,55x55,4
3631,40x35,4
4799,34x38,4
5173,18x19,4
5251,15x15,4
7367,55x50,4
9359,29x40,4
11556,70x35,4
11570,19x16,4
11747,35x35,4
270,40x40,4
1023,35x75,4
2665,35x50,4
2989,40x50,4
3281,25x25,4
4222,30x29,4
6934,25x35,4
8579,49x50,4
10133,60x80,4
10164,27x33,4
13447,30x25,4
121,55x55,4
363,50x80,4
3297,55x65,4
3619,60x45,4
3701,35x35,4
3738,40x50,4
5653,55x65,4
7491,55x75,4
8701,30x30,4
8725,24x24,4
9349,40x64,4
9418,35x35,4
9420,25x24,4
10495,25x35,4
12644,57x50,4
12985,45x45,4
1300,59x80,4
9927,15x16,4
9955,35x45,4
11235,38x15,4
11625,26x24,4
12373,28x43,4
12512,35x25,4
1106,20x20,4
1946,33x41,4
2144,61x76,4
3898,20x20,4
4622,29x30,4
6517,30x50,4
8457,25x30,4
9693,25x13,4
9742,25x34,4
9912,60x45,4
11857,45x40,4
13265,40x40,4
1708,20x20,4
2684,47x55,4
6094,25x20,4
8771,35x30,4
802,60x50,4
1995,15x20,4
3648,80x40,4
4883,30x20,4
6420,55x75,4
8825,50x65,4
10080,35x45,4
13740,39x38,4
1112,40x30,4
1427,31x28,4
2391,79x26,4
2806,25x25,4
3647,45x34,4
3709,55x45,4
5443,31x28,4
6446,35x45,4
9936,40x25,4
10673,55x80,4
12131,25x14,4
13051,17x39,4
2018,30x40,4
3054,35x40,4
4449,65x62,4
4494,25x25,4
4913,45x30,4
6846,40x45,4
8688,65x40,4
11511,30x45,4
772,30x45,4
6881,35x35,4
10844,75x80,4
10940,40x30,4
10977,20x25,4
12515,50x30,4
13088,21x30,4
13145,41x35,4
13170,19x30,4
1423,26x28,4
3706,40x45,4
6597,60x35,4
12862,30x27,4
4754,20x30,4
7436,25x30,4
8791,32x28,4
9293,40x22,4
9389,55x75,4
585,55x65,4
1771,54x75,4
5868,25x35,4
9517,45x50,4
614,35x45,4
1786,45x55,4
6971,75x35,4
7686,30x40,4
9818,24x33,4
11395,40x35,4
13479,25x30,4
1039,50x70,4
2866,37x45,4
7422,20x30,4
10583,25x31,4
12107,31x32,4
402,26x13,4
1033,55x75,4
7441,75x50,4
12358,20x25,4
13165,23x24,4
653,40x55,4
1838,40x45,4
1876,35x50,4
2734,53x83,4
3207,65x70,4
3703,80x65,4
3825,40x40,4
4241,20x35,4
4664,34x20,4
4895,19x25,4
5249,55x75,4
6515,55x50,4
7182,30x30,4
8285,55x40,4
10340,19x60,4
11296,50x55,4
504,30x40,4
594,25x20,4
689,55x75,4
746,20x20,4
2587,21x32,4
2855,68x76,4
3815,35x35,4
5216,50x35,4
6012,45x65,4
11207,35x45,4
13138,42x48,4
2671,55x55,4
3851,30x30,4
6561,30x36,4
8686,55x25,4
8782,19x20,4
9961,75x80,4
1136,32x23,4
3166,20x30,4
5087,55x75,4
7432,32x28,4
9942,75x80,4
10019,45x60,4
10587,35x55,4
10794,30x40,4
420,40x45,4
3432,40x50,4
3905,29x29,4
5998,30x30,4
7065,27x26,4
9028,31x18,4
9990,35x30,4
10065,26x30,4
11108,80x50,4
11767,24x33,4
1173,40x45,4
1242,40x40,4
2934,64x65,4
3344,50x55,4
3544,35x42,4
4359,34x26,4
5554,50x45,4
7054,40x45,4
7935,20x14,4
8339,25x20,4
9221,35x50,4
10358,35x45,4
10837,34x45,4
11350,30x50,4
12249,55x55,4
13781,45x50,4
3500,35x45,4
5001,55x40,4
5388,25x25,4
6076,20x20,4
6621,20x20,4
8099,35x45,4
8336,40x30,4
8879,55x45,4
11987,40x50,4
97,32x28,4
1782,55x60,4
10618,75x40,4
10762,43x51,4
11564,55x70,4
894,36x35,4
1138,45x50,4
3411,70x75,4
6427,54x73,4
6721,50x75,4
8067,40x55,4
9989,30x30,4
10962,24x24,4
11455,19x20,4
12203,45x35,4
724,43x95,4
882,22x33,4
3704,55x75,4
3971,30x35,4
4969,55x70,4
10181,45x40,4
10330,18x24,4
11829,20x20,4
13780,35x38,4
3548,24x34,4
5647,65x80,4
6882,40x20,4
9410,80x55,4
12731,16x16,4
13636,40x35,4
4365,20x22,4
4914,10x30,4
6281,25x45,4
8546,26x17,4
9180,53x28,4
11214,25x20,4
11246,33x48,4
11305,80x75,4
12940,35x55,4
1675,20x30,4
2037,23x30,4
2128,35x38,4
5269,25x25,4
8892,28x28,4
10720,45x45,4
11961,29x45,4
12657,50x40,4
13515,40x50,4
13773,29x31,4
512,25x35,4
6448,45x45,4
7125,40x40,4
9339,25x35,4
13123,57x54,4
2526,19x23,4
3839,30x65,4
4234,39x49,4
4912,31x33,4
6643,35x45,4
3157,35x35,4
6239,35x30,4
6920,35x50,4
10669,24x25,4
10829,52x77,4
11820,35x30,4
12476,17x20,4
1368,29x30,4
1722,25x35,4
3919,39x45,4
4541,40x50,4
4667,27x24,4
7006,35x45,4
8093,25x30,4
8341,30x65,4
9991,35x30,4
11985,30x50,4
2279,31x70,4
2661,29x25,4
3402,32x43,4
4231,20x20,4
9585,35x30,4
12783,29x14,4
13274,55x52,4
220,30x33,4
2477,45x65,4
7636,45x50,4
9255,60x80,4
9434,25x22,4
11813,35x35,4
13269,41x47,4
1028,31x30,4
4619,30x25,4
5778,40x45,4
6317,35x50,4
9519,15x23,4
9574,25x35,4
10582,60x60,4
13805,25x30,4
1122,15x57,4
1168,55x35,4
2342,40x38,4
5746,20x35,4
6588,68x68,4
10029,20x23,4
10291,37x50,4
5367,45x40,4
5641,17x45,4
6311,25x35,4
7510,55x40,4
9577,25x25,4
10100,29x30,4
10710,60x35,4
12532,33x48,4
367,80x40,4
765,24x20,4
1234,24x35,4
3150,30x45,4
4147,65x80,4
5080,25x20,4
5918,53x58,4
7529,35x25,4
7626,39x42,4
1304,24x20,4
3543,21x31,4
5669,60x70,4
5880,25x25,4
5987,70x80,4
7368,56x80,4
7509,20x30,4
9369,35x30,4
9725,55x60,4
10341,15x25,4
13245,45x35,4
1004,24x23,4
3826,25x30,4
5046,31x30,4
8377,20x20,4
10297,24x25,4
11393,23x15,4
401,51x17,4
1731,34x32,4
1819,30x35,4
2134,35x32,4
5816,40x40,4
9119,23x27,4
9632,13x25,4
9987,45x37,4
11438,25x30,4
11975,50x60,4
926,20x35,4
1167,25x25,4
3533,39x12,4
4229,20x23,4
5281,21x25,4
5543,20x30,4
7371,26x25,4
11421,20x15,4
11498,19x16,4
12196,25x20,4
474,39x33,4
1656,39x51,4
3231,60x55,4
4492,28x33,4
5093,55x50,4
5813,40x40,4
8769,25x30,4
9110,28x18,4
9165,40x50,4
2779,35x40,4
4039,51x80,4
4158,45x35,4
5156,45x65,4
6151,35x45,4
6604,35x45,4
6884,60x60,4
9784,35x40,4
9916,20x15,4
12031,34x31,4
13493,30x35,4
13583,35x45,4
90,75x50,4
1836,45x45,4
4081,45x35,4
6454,40x50,4
10360,52x60,4
12180,30x45,4
6987,20x25,4
8696,70x75,4
10254,40x40,4
10470,70x70,4
10806,40x50,4
12479,40x30,4
1768,25x35,4
1774,35x35,4
2188,40x45,4
3279,20x15,4
5196,25x25,4
5197,30x45,4
11117,45x45,4
246,33x22,4
2272,20x15,4
2939,30x50,4
3604,25x35,4
4385,35x27,4
4638,30x15,4
5333,25x25,4
6641,40x30,4
7275,40x35,4
8435,13x30,4
11832,45x40,4
13105,25x35,4
105,38x35,4
168,45x60,4
1393,45x15,4
1657,30x25,4
5260,28x30,4
6117,60x80,4
6371,17x30,4
6706,45x40,4
7840,31x23,4
8560,31x30,4
9398,35x30,4
11178,45x35,4
12045,27x21,4
296,50x60,4
2565,49x60,4
4140,50x55,4
5712,25x35,4
5752,30x40,4
6146,40x60,4
6407,40x25,4
8894,45x45,4
10142,40x35,4
10729,20x18,4
12645,49x49,4
12693,40x70,4
394,50x50,4
2832,75x50,4
3547,70x72,4
3865,24x34,4
4814,45x45,4
7060,45x45,4
7350,50x31,4
7521,40x35,4
7685,25x40,4
8078,39x50,4
8383,31x43,4
8478,34x33,4
9479,25x20,4
10457,45x45,4
10964,28x30,4
11913,40x40,4
249,60x80,4
1377,45x35,4
2004,30x45,4
2158,50x60,4
7500,75x50,4
8500,25x35,4
12340,35x30,4
12636,20x20,4
12764,37x40,4
679,35x40,4
1814,35x55,4
1831,20x30,4
2774,35x35,4
2781,30x45,4
7415,30x30,4
8142,45x40,4
8479,70x40,4
9411,63x80,4
9702,30x45,4
12098,30x40,4
13594,29x30,4
158,20x20,4
1370,50x50,4
4397,35x45,4
4613,36x47,4
5864,40x46,4
6566,45x45,4
6849,30x40,4
7279,35x47,4
7764,32x44,4
9325,31x40,4
12715,30x35,4
354,50x48,4
613,40x45,4
955,36x30,4
1604,63x43,4
5204,45x44,4
5414,40x50,4
5512,25x30,4
5863,80x80,4
5929,24x30,4
6563,55x45,4
8321,63x24,4
8755,30x30,4
10143,40x35,4
10834,25x25,4
11519,28x40,4
12212,80x60,4
817,50x60,4
1578,25x30,4
3798,34x19,4
5334,45x40,4
5883,40x40,4
6107,35x25,4
7005,27x30,4
8770,45x30,4
11394,20x20,4
12095,24x24,4
13709,40x20,4
13775,20x19,4
5627,60x45,4
6268,11x21,4
7344,35x35,4
8343,26x22,4
8535,25x25,4
9579,55x65,4
10524,25x19,4
11388,35x25,4
11733,45x50,4
1739,25x25,4
3194,40x50,4
3623,53x45,4
4785,35x50,4
6015,50x45,4
6462,30x40,4
7583,43x39,4
8252,35x45,4
9425,30x30,4
9657,47x33,4
10329,25x35,4
11095,35x25,4
421,50x70,4
602,17x15,4
3746,20x30,4
6501,45x45,4
9209,35x25,4
10580,50x50,4
10611,24x18,4
12129,35x35,4
12861,52x59,4
13460,38x44,4
571,25x35,4
745,45x65,4
3491,78x23,4
4528,25x17,4
4890,24x30,4
4902,40x38,4
6139,45x35,4
7408,53x80,4
7726,20x20,4
8382,30x45,4
10361,55x65,4
11194,40x30,4
12370,20x21,4
13231,25x30,4
1021,25x35,4
2638,20x25,4
3729,25x15,4
8679,60x40,4
9822,41x41,4
10263,20x37,4
11094,67x30,4
13233,20x20,4
1575,35x55,4
2987,50x35,4
3226,35x50,4
3831,55x65,4
5041,30x45,4
5810,40x30,4
6071,20x25,4
6330,30x15,4
7353,35x30,4
8588,48x40,4
9357,27x34,4
11742,40x40,4
1221,48x39,4
2430,49x69,4
3443,25x30,4
5392,25x20,4
5750,30x35,4
6715,55x60,4
6843,20x20,4
11031,15x15,4
11770,28x23,4
331,40x40,4
835,77x95,4
1093,49x45,4
3761,55x60,4
6327,47x30,4
6500,20x25,4
7186,65x35,4
8766,37x28,4
8772,35x30,4
8891,35x40,4
10138,30x40,4
12132,22x26,4
13286,45x40,4
13794,45x65,4
1164,23x30,4
1890,30x45,4
2157,27x24,4
3824,41x26,4
4285,46x76,4
4800,27x26,4
7471,80x60,4
7554,80x75,4
8718,35x30,4
9887,60x45,4
13107,43x71,4
1811,55x75,4
5928,35x46,4
7218,28x30,4
7327,30x40,4
9897,40x35,4
10500,25x15,4
12905,31x19,4
823,40x35,4
1840,35x45,4
4084,40x25,4
6757,40x40,4
7945,45x35,4
9472,55x80,4
12044,45x35,4
13098,15x20,4
505,40x45,4
739,20x20,4
1366,25x40,4
1678,35x50,4
1947,35x40,4
4673,30x30,4
7240,10x10,4
7589,30x50,4
8044,27x19,4
9645,20x20,4
11360,50x50,4
12336,34x48,4
13129,54x55,4
1504,67x80,4
5338,55x70,4
9256,65x80,4
11766,50x60,4
12443,49x51,4
2429,42x45,4
6487,43x32,4
6736,20x25,4
7326,25x25,4
9904,30x37,4
10027,34x50,4
11126,20x15,4
1262,30x20,4
6782,45x40,4
7307,50x45,4
9098,25x25,4
10379,75x70,4
12593,35x45,4
618,45x35,4
3488,20x30,4
3608,50x60,4
4108,35x30,4
4190,22x26,4
4447,20x20,4
7665,50x47,4
10125,45x40,4
10948,35x30,4
518,60x50,4
1316,23x11,4
1346,30x30,4
1859,40x35,4
4341,29x33,4
5021,35x75,4
5912,41x44,4
6175,45x70,4
6418,30x45,4
6496,40x50,4
6711,70x75,4
7417,19x21,4
7657,45x45,4
9164,35x45,4
9362,35x37,4
13273,20x21,4
13597,30x30,4
13874,22x40,4
851,19x30,4
1549,50x80,4
2198,20x15,4
5282,30x30,4
10169,35x45,4
10389,80x57,4
10878,45x55,4
11006,73x53,4
11629,30x45,4
12120,17x14,4
815,35x30,4
3822,31x37,4
4795,40x40,4
5875,26x29,4
6425,35x40,4
8020,15x25,4
185,15x20,4
821,50x70,4
1025,15x15,4
1621,25x25,4
2761,50x45,4
6193,20x20,4
7356,70x50,4
8309,30x60,4
8541,50x20,4
9953,35x45,4
10204,50x30,4
11359,29x28,4
309,40x30,4
2363,40x45,4
7575,38x45,4
8980,50x50,4
10121,22x24,4
12741,40x50,4
2972,55x14,4
3145,60x80,4
5517,35x40,4
8565,45x35,4
8668,25x35,4
8797,30x45,4
10167,55x47,4
10967,27x30,4
11468,70x70,4
12301,20x20,4
13795,30x25,4
1116,35x40,4
4879,25x25,4
6447,35x35,4
7708,20x30,4
8215,25x30,4
9291,90x65,4
10757,60x80,4
11403,80x60,4
391,27x25,4
1726,30x40,4
2102,32x32,4
7126,45x30,4
8811,45x40,4
13267,35x45,4
984,30x25,4
3620,50x55,4
7675,35x30,4
8258,58x65,4
10579,46x30,4
13645,20x15,4
396,25x18,4
1725,45x55,4
2073,45x65,4
3664,30x40,4
9219,23x23,4
10819,30x30,4
12283,33x30,4
13056,57x52,4
747,27x28,4
4204,40x45,4
7591,44x65,4
12241,80x65,4
12767,30x45,4
13190,40x48,4
1364,30x30,4
1573,51x59,4
3698,32x20,4
5839,30x35,4
6514,35x45,4
8187,35x35,4
8821,55x55,4
11355,32x20,4
12250,15x15,4
12410,40x40,4
1441,62x54,4
2351,24x21,4
4277,35x45,4
6600,40x50,4
8877,22x28,4
9988,35x35,4
10529,45x30,4
10896,50x50,4
11454,35x30,4
12667,26x27,4
13316,20x20,4
58,35x40,4
250,60x70,4
468,37x32,4
2148,60x70,4
2309,45x35,4
4405,40x35,4
4496,25x25,4
6844,40x50,4
7200,29x45,4
10312,35x45,4
13584,40x40,4
53,35x45,4
256,50x50,4
888,25x30,4
3762,32x65,4
5102,80x95,4
6491,60x80,4
8836,38x38,4
8950,20x25,4
9652,50x42,4
9655,20x15,4
10652,33x20,4
11243,30x20,4
11357,45x79,4
12437,30x30,4
899,45x55,4
2633,40x44,4
4212,39x36,4
6690,40x40,4
7313,40x20,4
8399,21x30,4
8481,20x20,4
9116,15x20,4
11079,50x50,4
13664,24x18,4
347,65x80,4
847,46x49,4
5632,35x30,4
5927,30x40,4
7280,30x30,4
8037,25x30,4
9204,45x35,4
10511,45x50,4
12631,35x30,4
12669,35x25,4
12931,33x48,4
13235,25x24,4
13384,20x20,4
13419,40x35,4
479,50x50,4
2822,72x95,4
5306,20x20,4
8073,55x65,4
9241,55x49,4
10824,25x30,4
11520,30x30,4
11642,50x80,4
12346,25x20,4
12483,18x22,4
13651,20x17,4
599,25x27,4
711,50x35,4
1403,35x40,4
1451,33x45,4
3238,55x70,4
6966,55x65,4
10280,35x35,4
10723,15x15,4
11864,21x29,4
12497,50x75,4
13603,35x25,4
582,25x35,4
1513,60x60,4
3346,35x40,4
3787,30x38,4
6304,50x35,4
6542,29x31,4
7039,30x40,4
9938,35x30,4
10995,21x19,4
12431,35x35,4
13756,15x15,4
77,35x30,4
4118,20x15,4
6039,40x28,4
6161,27x30,4
11109,8x23,4
11319,45x60,4
11731,45x48,4
11984,35x25,4
12130,20x20,4
729,29x16,4
987,35x45,4
1190,15x15,4
1255,25x25,4
1870,39x53,4
4279,20x30,4
4292,23x40,4
4392,55x65,4
4743,35x35,4
5796,33x34,4
7081,25x20,4
8388,28x32,4
10966,18x18,4
4780,50x60,4
10082,40x45,4
1022,70x70,4
2274,50x70,4
2999,30x35,4
4353,45x25,4
5795,55x65,4
10792,23x28,4
12641,45x40,4
1733,30x22,4
3097,30x25,4
4707,55x65,4
4798,30x30,4
5166,32x38,4
7411,25x50,4
7501,20x30,4
7722,35x30,4
11728,35x30,4
1571,35x45,4
4419,45x44,4
6079,20x20,4
9907,35x45,4
12702,32x48,4
781,18x25,4
889,25x35,4
1160,20x20,4
2578,56x84,4
3615,50x60,4
6478,30x40,4
6727,45x65,4
9041,70x40,4
11179,35x30,4
885,45x35,4
1841,30x40,4
4511,30x45,4
5018,33x20,4
6705,35x45,4
6948,15x20,4
7349,17x16,4
9679,16x18,4
12775,54x45,4
1713,27x28,4
2462,40x35,4
3307,30x65,4
4244,20x24,4
4512,24x30,4
4791,32x39,4
6683,44x95,4
7379,45x56,4
9081,36x45,4
10564,35x50,4
13421,19x19,4
475,45x45,4
1779,30x30,4
5066,30x40,4
7046,44x41,4
8381,22x27,4
8719,45x44,4
9537,30x30,4
11516,65x50,4
1197,28x25,4
1541,45x40,4
2189,40x30,4
2814,28x44,4
2836,40x30,4
3870,19x25,4
3920,25x40,4
3927,20x25,4
5797,40x40,4
5908,25x35,4
8687,45x20,4
8952,20x36,4
9138,30x40,4
9471,25x27,4
10237,65x63,4
63,50x46,4
406,45x26,4
1496,20x20,4
1798,35x45,4
2262,45x50,4
4380,30x35,4
8180,25x20,4
10706,70x80,4
337,22x10,4
453,43x49,4
1736,60x50,4
4263,70x65,4
4590,25x35,4
5548,15x15,4
8716,36x24,4
10567,35x50,4
10950,31x48,4
12234,25x35,4
13049,38x44,4
13315,40x30,4
1260,24x15,4
1388,41x48,4
3305,15x20,4
3356,20x30,4
3996,35x45,4
4435,40x40,4
5965,40x30,4
7158,45x45,4
7903,59x48,4
8129,55x65,4
11119,30x48,4
11356,35x45,4
11470,50x60,4
12034,25x20,4
59,20x36,4
214,30x30,4
1780,28x56,4
5353,25x35,4
6265,20x25,4
8729,20x20,4
8773,45x30,4
8905,30x30,4
9242,79x68,4
9968,80x50,4
11649,35x30,4
11881,55x75,4
2386,10x30,4
2585,31x45,4
5490,25x45,4
6023,35x40,4
7135,30x30,4
8047,29x19,4
8451,30x20,4
8690,40x24,4
10314,35x40,4
11145,25x16,4
3153,30x35,4
4122,45x31,4
4228,45x60,4
6036,20x20,4
7235,40x35,4
9188,30x30,4
10670,20x21,4
10814,20x30,4
11327,12x30,4
12064,20x20,4
13487,20x20,4
752,22x20,4
1765,64x46,4
5611,20x20,4
7004,29x65,4
7017,17x20,4
9478,28x19,4
10994,45x50,4
13268,45x34,4
170,30x40,4
2489,17x20,4
4076,50x40,4
5485,65x80,4
5957,15x15,4
6723,53x68,4
8488,40x40,4
10797,65x80,4
11443,30x15,4
13735,35x40,4
561,25x32,4
5316,36x30,4
7581,20x30,4
8735,40x35,4
9400,35x45,4
9648,22x21,4
9724,20x20,4
10032,20x30,4
12461,55x55,4
13592,24x39,4
714,30x45,4
1752,30x40,4
2403,70x80,4
6102,23x18,4
6722,60x80,4
7514,25x35,4
11465,35x35,4
11632,15x15,4
11999,65x37,4
13048,45x50,4
2190,45x60,4
4048,65x50,4
10949,20x20,4
10952,20x20,4
419,30x35,4
1181,35x45,4
1517,20x20,4
1583,30x40,4
1590,50x50,4
2501,16x23,4
4867,25x39,4
5272,12x10,4
5467,40x45,4
9302,50x55,4
9426,24x29,4
11286,50x40,4
12724,31x49,4
409,41x38,4
1222,25x13,4
2111,40x70,4
2399,35x40,4
2476,75x80,4
5063,30x45,4
5261,30x30,4
5763,65x80,4
7290,65x80,4
8072,55x75,4
8482,25x26,4
10267,32x25,4
11311,19x20,4
12286,30x45,4
13232,39x43,4
1472,50x50,4
1824,44x80,4
7646,80x80,4
10808,35x50,4
12782,30x30,4
927,25x50,4
2334,40x40,4
2994,40x35,4
3312,65x40,4
10384,35x20,4
10385,32x37,4
3866,55x60,4
8780,20x13,4
9775,30x45,4
10663,80x68,4
2115,62x37,4
2564,45x25,4
2838,25x25,4
5469,55x65,4
8390,25x20,4
692,33x49,4
3555,45x65,4
5826,25x35,4
6411,35x45,4
7339,33x27,4
8012,29x20,4
8880,55x80,4
10552,30x35,4
13744,35x40,4
30,25x40,4
5619,10x10,4
6545,20x20,4
7628,25x25,4
8213,48x37,4
9905,23x32,4
10639,55x65,4
10813,35x70,4
12154,50x60,4
13320,25x30,4
637,35x35,4
3452,20x20,4
5313,37x38,4
5494,50x60,4
6416,30x45,4
6872,22x25,4
9345,32x48,4
11188,25x28,4
11588,35x45,4
11880,39x42,4
12047,18x17,4
12809,28x18,4
13308,45x35,4
740,80x55,4
855,35x35,4
2255,34x35,4
2455,45x31,4
4164,24x20,4
4250,30x40,4
5456,55x56,4
6105,35x25,4
6907,50x33,4
11066,65x45,4
2543,55x55,4
2931,35x30,4
3392,33x60,4
5629,49x21,4
6713,45x60,4
7149,30x20,4
8063,23x28,4
8188,55x75,4
11070,45x55,4
11384,40x40,4
13148,18x30,4
591,27x31,4
1639,65x65,4
2658,45x50,4
3770,25x15,4
4170,64x68,4
7325,25x40,4
7693,45x50,4
8094,30x45,4
10506,55x75,4
11855,50x65,4
12517,30x20,4
12833,50x34,4
13532,27x25,4
1184,29x22,4
1355,24x34,4
1392,46x48,4
1829,25x40,4
3005,30x35,4
3162,35x25,4
7219,15x14,4
7616,42x54,4
8564,30x40,4
9709,27x20,4
9888,35x28,4
11340,44x67,4
11420,24x23,4
11773,25x25,4
12841,20x23,4
519,80x50,4
1687,40x30,4
3311,25x40,4
4399,35x40,4
4842,32x39,4
4888,15x15,4
5455,31x40,4
7273,30x30,4
9294,11x23,4
9486,30x30,4
10623,32x28,4
11299,70x95,4
13307,45x30,4
13537,40x22,4
1985,45x55,4
4005,44x65,4
4607,50x90,4
5964,15x11,4
6246,52x32,4
9200,50x55,4
9868,29x32,4
11225,65x50,4
12158,25x25,4
680,30x30,4
2471,60x60,4
3458,45x50,4
3928,20x29,4
5233,28x20,4
6255,50x35,4
7919,55x75,4
10725,45x35,4
13228,42x45,4
13327,13x11,4
2375,35x11,4
5621,35x35,4
9474,29x42,4
10189,35x50,4
11114,25x40,4
11859,30x45,4
691,40x55,4
937,75x80,4
1834,30x42,4
3032,37x45,4
4704,59x60,4
7283,47x27,4
9610,20x15,4
10935,25x30,4
11851,35x50,4
11867,33x45,4
225,40x45,4
941,35x27,4
1564,23x33,4
2753,40x60,4
4737,80x33,4
4873,29x45,4
5765,75x55,4
9118,45x65,4
12207,35x45,4
2344,40x55,4
2959,24x25,4
4998,80x80,4
7199,35x40,4
8401,50x50,4
10409,25x30,4
13358,20x20,4
13556,20x20,4
13638,17x18,4
476,33x40,4
1044,55x75,4
1444,18x45,4
1885,35x40,4
2524,45x30,4
3272,31x29,4
5198,37x45,4
7330,32x37,4
11143,28x15,4
11799,20x20,4
12511,47x70,4
13099,25x25,4
2029,40x50,4
3727,25x25,4
5072,30x30,4
5250,65x40,4
8728,27x20,4
8833,33x30,4
9279,45x35,4
10191,34x17,4
10971,15x20,4
12501,40x50,4
13738,30x27,4
723,65x46,4
1540,30x24,4
2140,48x20,4
5030,27x29,4
7088,30x40,4
7287,20x20,4
8960,21x40,4
9626,33x24,4
10183,50x65,4
11381,35x28,4
13402,40x35,4
13743,43x30,4
1557,25x25,4
1826,40x35,4
3640,50x45,4
3875,18x32,4
4374,30x35,4
7951,35x45,4
8363,20x18,4
10533,23x19,4
11448,35x30,4
11989,23x20,4
5290,15x20,4
6008,30x35,4
6584,40x50,4
7009,18x18,4
5002,35x25,4
5452,55x70,4
13104,30x25,4
13475,20x20,4
91,25x25,4
635,35x25,4
2768,40x45,4
4161,29x31,4
5817,20x20,4
7351,30x26,4
7696,35x30,4
7780,45x24,4
7975,40x55,4
9147,50x50,4
9344,35x30,4
11289,50x59,4
11658,50x75,4
12475,26x35,4
13097,41x21,4
1478,40x45,4
3381,20x20,4
3975,55x75,4
9718,40x28,4
13802,15x15,4
2137,49x20,4
3240,22x30,4
4402,30x35,4
4461,20x20,4
6453,30x45,4
9918,20x15,4
10028,20x20,4
11387,19x15,4
1634,30x30,4
1984,44x45,4
3896,40x50,4
4171,40x30,4
7425,60x80,4
13026,39x50,4
3536,15x15,4
4260,35x40,4
4942,42x39,4
5082,44x39,4
6191,20x30,4
7468,20x20,4
9635,43x65,4
9710,30x20,4
11598,20x25,4
11848,45x50,4
12730,19x23,4
12912,55x76,4
13662,20x20,4
13774,41x42,4
671,49x74,4
1213,45x45,4
2660,20x20,4
3930,36x59,4
6489,54x75,4
10785,20x30,4
13573,16x19,4
13824,35x25,4
1821,30x45,4
3552,50x80,4
4833,13x17,4
5670,50x55,4
6749,23x25,4
8955,15x15,4
9184,43x53,4
1501,50x50,4
2113,25x23,4
2420,20x15,4
2454,30x40,4
2762,20x20,4
2886,25x13,4
3670,25x25,4
4104,22x25,4
5772,75x80,4
8317,20x20,4
9563,18x33,4
10799,40x46,4
11423,23x20,4
863,50x50,4
1662,55x40,4
1741,27x31,4
2317,55x60,4
2979,22x27,4
3027,55x70,4
5017,66x51,4
5180,25x25,4
5362,21x41,4
5492,45x45,4
5673,50x65,4
7486,30x20,4
9909,32x33,4
11765,35x25,4
13176,20x21,4
13491,9x16,4
1548,35x45,4
1593,45x45,4
2072,60x80,4
3653,30x50,4
5189,50x49,4
5242,38x34,4
8056,50x50,4
9034,70x80,4
9891,20x20,4
10309,37x45,4
11418,15x15,4
12480,35x35,4
12740,50x50,4
1126,17x25,4
2504,30x38,4
3183,45x30,4
3964,15x20,4
4091,40x55,4
4640,45x65,4
4773,35x45,4
7076,20x30,4
7315,30x40,4
8963,52x71,4
11156,15x15,4
11744,35x45,4
12477,15x20,4
369,51x31,3
1141,50x40,3
1153,25x25,3
1603,50x75,3
5781,52x56,3
8487,30x30,3
10554,80x65,3
12208,70x75,3
13329,60x60,3
1694,70x60,3
2697,75x80,3
3750,40x55,3
5634,65x72,3
9208,80x30,3
11440,10x10,3
11676,47x60,3
11950,60x60,3
685,45x35,3
2746,50x50,3
3137,32x35,3
4166,19x16,3
6602,50x55,3
13058,34x28,3
13560,15x17,3
13634,19x20,3
13733,25x34,3
80,45x30,3
511,35x50,3
595,35x30,3
1667,50x50,3
2320,55x65,3
3271,92x92,3
4884,15x32,3
4945,10x10,3
6625,80x60,3
10968,20x18,3
12096,40x55,3
12432,55x75,3
12920,7x15,3
1402,40x25,3
3125,16x17,3
3605,20x30,3
6297,40x50,3
6531,45x65,3
8863,50x65,3
9465,23x32,3
9612,25x24,3
9866,19x19,3
10057,20x30,3
10873,31x56,3
12211,55x75,3
264,50x60,3
2481,19x30,3
4036,15x21,3
4490,16x13,3
4767,51x68,3
6417,45x65,3
6689,30x35,3
6904,44x65,3
7174,21x18,3
7192,38x15,3
8149,40x40,3
9600,25x35,3
10366,32x30,3
11019,28x43,3
11531,50x50,3
11626,27x25,3
13707,15x15,3
798,60x60,3
2606,30x30,3
8160,31x13,3
9160,50x24,3
9480,28x21,3
9699,35x30,3
10732,13x10,3
13631,19x19,3
562,21x25,3
1703,30x40,3
4344,55x80,3
6063,20x30,3
6430,30x35,3
8241,11x13,3
9495,22x19,3
10177,35x45,3
10325,15x38,3
10678,22x23,3
11738,65x70,3
12490,49x47,3
963,65x80,3
2825,40x45,3
2834,50x45,3
4363,40x45,3
4386,39x57,3
5057,30x25,3
5630,45x35,3
5979,30x45,3
6568,55x75,3
9607,25x45,3
10352,46x50,3
13047,55x50,3
13534,20x18,3
13755,15x15,3
196,60x60,3
615,15x15,3
1996,30x35,3
2637,17x27,3
6005,20x15,3
6354,17x20,3
7043,30x55,3
9100,48x34,3
10730,60x45,3
986,20x15,3
1292,14x20,3
3942,20x25,3
10525,20x20,3
11878,45x40,3
12090,20x20,3
12919,9x14,3
13032,57x30,3
965,50x65,3
1647,55x65,3
4446,50x50,3
4732,12x17,3
6762,20x45,3
7744,28x21,3
8947,45x40,3
9301,50x50,3
10104,64x28,3
11104,60x70,3
12252,19x23,3
12406,33x29,3
12434,33x35,3
13711,35x25,3
3004,25x23,3
3299,30x30,3
3389,12x15,3
3663,30x30,3
5274,50x32,3
6423,30x45,3
8355,15x15,3
8829,31x36,3
9620,21x21,3
10025,58x55,3
12663,70x55,3
13833,25x35,3
1790,35x40,3
1837,50x67,3
2963,50x50,3
3802,45x35,3
7599,17x18,3
7613,20x20,3
8233,30x30,3
8234,75x60,3
9730,38x29,3
9959,50x57,3
10861,12x13,3
11335,23x28,3
12424,25x24,3
12923,7x18,3
13087,20x20,3
13725,25x40,3
221,30x40,3
710,32x26,3
3091,20x15,3
3421,50x50,3
4135,25x35,3
12345,40x30,3
12395,25x35,3
12409,24x28,3
12822,27x39,3
13151,18x34,3
2402,32x45,3
2409,65x65,3
4434,10x30,3
4941,30x24,3
5190,40x60,3
5802,48x47,3
8328,15x14,3
8547,17x15,3
9091,31x25,3
9789,15x24,3
10110,45x30,3
10811,15x15,3
11746,25x25,3
11854,30x50,3
1096,25x25,3
1949,24x18,3
2075,60x80,3
2529,40x50,3
4947,14x12,3
7845,26x30,3
11414,55x70,3
1011,65x80,3
1445,50x50,3
5489,25x30,3
7850,40x38,3
8079,50x50,3
8344,17x12,3
577,17x25,3
1659,17x15,3
2872,20x20,3
4752,34x30,3
5529,30x40,3
8322,20x28,3
11623,20x15,3
11703,25x25,3
12616,35x30,3
13854,20x11,3
408,44x86,3
754,20x20,3
1868,27x30,3
3261,15x15,3
5203,13x13,3
5792,30x30,3
7342,30x24,3
9917,20x24,3
13141,23x22,3
13717,20x26,3
13870,60x60,3
262,45x30,3
1607,17x19,3
1893,25x40,3
2030,50x50,3
3265,17x15,3
4806,20x20,3
5254,39x20,3
6114,64x27,3
9569,22x20,3
10836,34x40,3
11704,35x45,3
13206,37x29,3
651,35x45,3
860,39x35,3
1936,65x40,3
2183,32x34,3
2461,23x16,3
3134,31x36,3
4003,15x17,3
4172,26x16,3
6120,45x45,3
6511,32x30,3
7364,45x65,3
9606,35x45,3
12332,25x30,3
12529,47x72,3
7854,80x65,3
8349,17x17,3
9348,40x60,3
9477,25x20,3
10076,38x8,3
11552,33x40,3
13420,19x19,3
13577,29x50,3
132,50x60,3
1761,30x50,3
3591,45x42,3
4300,45x25,3
5971,28x33,3
7323,20x30,3
8071,55x65,3
9603,20x20,3
13855,30x45,3
830,32x24,3
1081,35x15,3
4082,20x15,3
4586,70x80,3
4803,45x50,3
5743,75x80,3
8075,55x75,3
9424,35x30,3
9734,30x30,3
11510,50x60,3
12840,22x35,3
4236,38x45,3
4797,15x20,3
5287,40x45,3
5378,43x34,3
7331,30x40,3
7406,30x30,3
8810,35x30,3
10489,20x20,3
10516,60x40,3
11944,40x50,3
12068,35x35,3
13117,41x45,3
13512,31x28,3
1282,21x15,3
1333,25x14,3
2846,25x40,3
3873,10x25,3
3918,17x22,3
6062,40x30,3
10015,35x35,3
10196,45x35,3
10665,40x35,3
11453,20x15,3
13164,30x40,3
135,50x70,3
4052,70x55,3
6356,15x19,3
6534,35x50,3
7718,18x27,3
8876,40x50,3
10645,22x13,3
13644,15x20,3
4050,25x35,3
6190,50x37,3
8954,15x15,3
10687,32x26,3
11376,70x40,3
11410,20x35,3
13629,25x30,3
1586,80x70,3
2601,22x30,3
3984,35x25,3
4295,13x14,3
4465,55x75,3
4517,15x15,3
5271,17x17,3
7189,11x25,3
9271,20x20,3
9498,77x90,3
11076,40x45,3
11874,19x23,3
11888,50x40,3
415,30x45,3
1124,44x65,3
1335,55x40,3
2017,65x55,3
9869,20x20,3
10493,42x51,3
11879,22x17,3
13461,53x60,3
13640,18x19,3
619,25x35,3
938,28x28,3
1539,60x30,3
3387,65x95,3
3493,55x75,3
3832,30x29,3
4810,60x75,3
7538,20x35,3
8949,29x48,3
2991,55x55,3
3728,45x65,3
4426,35x24,3
4620,45x65,3
4623,50x75,3
4787,45x30,3
7472,40x30,3
8286,55x50,3
9459,25x30,3
12507,35x30,3
13602,18x26,3
1920,35x25,3
3048,45x45,3
3710,50x50,3
4063,65x80,3
4357,25x35,3
4832,15x14,3
6932,48x37,3
11171,30x40,3
13468,40x35,3
13840,35x35,3
750,24x20,3
1672,19x28,3
3960,23x22,3
5680,30x55,3
5739,25x47,3
7000,11x14,3
7442,31x18,3
8083,38x46,3
8116,30x30,3
9997,25x26,3
11437,25x20,3
12900,50x49,3
1343,40x50,3
2021,16x14,3
2928,45x30,3
5842,30x65,3
7858,40x40,3
8961,28x34,3
111,25x25,3
717,35x16,3
1352,20x30,3
3876,15x15,3
4162,30x30,3
4187,55x80,3
7041,25x15,3
9794,35x30,3
9922,24x26,3
12506,30x30,3
13084,80x80,3
13178,35x35,3
3119,26x36,3
3557,70x35,3
4145,50x49,3
6314,30x25,3
7779,30x22,3
8386,50x41,3
11068,25x35,3
11201,34x34,3
11447,44x39,3
11584,25x30,3
12765,35x25,3
13075,35x30,3
958,61x44,3
1166,71x28,3
1446,23x37,3
2068,60x75,3
2749,28x28,3
4501,30x30,3
6405,60x70,3
10947,25x30,3
99,60x60,3
163,22x35,3
1233,62x94,3
4239,22x15,3
6111,30x45,3
6441,54x65,3
6567,20x20,3
10162,71x72,3
10490,14x15,3
1256,20x20,3
1719,34x49,3
6601,45x50,3
8025,25x25,3
8574,45x55,3
9229,35x33,3
11451,25x15,3
13789,40x65,3
253,31x42,3
385,45x30,3
2635,19x23,3
2699,15x20,3
3301,50x30,3
3794,20x14,3
4206,39x33,3
4414,15x15,3
12638,30x45,3
13288,15x15,3
13373,38x20,3
908,24x19,3
2536,30x35,3
2891,30x32,3
3195,20x25,3
3642,47x48,3
3935,42x34,3
5515,30x20,3
5672,45x50,3
12273,25x20,3
1641,65x65,3
4383,50x33,3
5901,40x60,3
10262,34x50,3
11732,35x18,3
12112,35x50,3
13272,30x30,3
2756,10x26,3
4246,30x20,3
4792,20x22,3
4834,29x27,3
6274,50x60,3
6719,55x75,3
8065,55x75,3
8982,32x24,3
11037,55x75,3
11993,25x30,3
861,55x30,3
9058,80x29,3
9500,30x20,3
10186,30x30,3
11374,35x45,3
11628,21x33,3
13287,20x18,3
2705,40x50,3
8439,30x40,3
10347,40x50,3
1424,46x55,3
5111,32x37,3
6756,50x30,3
12177,40x45,3
1760,50x60,3
4502,15x15,3
4589,35x25,3
5503,30x35,3
5703,20x15,3
7429,20x15,3
7640,55x70,3
8034,50x80,3
9919,31x33,3
11190,77x46,3
12792,46x44,3
666,30x20,3
721,40x50,3
1245,30x30,3
1340,55x36,3
6964,19x20,3
8374,25x20,3
9937,25x40,3
10134,70x80,3
10136,55x35,3
2923,80x80,3
6581,35x50,3
6615,50x45,3
7893,60x40,3
8174,80x50,3
1899,25x35,3
2028,33x49,3
5200,15x15,3
6609,80x75,3
7249,22x35,3
12265,14x19,3
13655,18x18,3
5116,32x34,3
6675,55x65,3
7998,60x55,3
1723,70x69,3
2506,90x44,3
4483,20x15,3
5045,21x17,3
5144,35x30,3
7504,15x15,3
9523,50x48,3
9629,29x30,3
11970,19x20,3
13446,45x35,3
40,60x50,3
695,37x30,3
977,43x33,3
1507,35x35,3
4400,45x55,3
6385,45x30,3
9464,65x80,3
9873,25x24,3
9969,42x39,3
12780,25x25,3
13015,36x48,3
13776,52x52,3
590,30x26,3
2026,16x16,3
3541,15x20,3
4248,15x15,3
4462,19x26,3
6324,35x30,3
6488,26x11,3
7528,57x50,3
7566,13x22,3
8016,40x30,3
8730,48x21,3
10626,27x20,3
10833,26x30,3
10872,70x35,3
11769,38x42,3
13234,37x40,3
13311,33x24,3
13609,40x30,3
1702,35x30,3
6940,44x35,3
7527,25x25,3
7961,45x45,3
8578,45x35,3
9680,47x38,3
13303,59x28,3
13782,45x41,3
140,45x55,3
540,35x65,3
3471,35x45,3
4301,20x20,3
5234,35x25,3
5656,12x16,3
6253,20x15,3
7777,20x29,3
7809,16x17,3
10348,25x35,3
11398,10x35,3
892,20x20,3
2726,35x25,3
3280,52x62,3
7647,56x40,3
10568,77x31,3
11220,13x14,3
11979,50x50,3
13625,20x20,3
924,21x36,3
2405,75x70,3
2712,33x50,3
4235,35x34,3
6004,34x45,3
8972,54x72,3
10123,59x54,3
10717,35x30,3
10915,25x25,3
11167,14x15,3
13712,21x12,3
13784,22x38,3
1756,25x35,3
3065,33x41,3
4242,10x18,3
6389,30x25,3
6550,50x70,3
7574,45x60,3
8122,55x65,3
8524,55x75,3
8775,44x65,3
9821,17x23,3
10471,70x50,3
11281,33x29,3
11605,40x45,3
11926,20x30,3
12904,40x55,3
165,50x50,3
1970,45x30,3
3019,80x60,3
4769,30x70,3
4870,30x48,3
6414,15x15,3
6733,20x20,3
7884,25x40,3
8255,35x45,3
9881,38x44,3
9892,55x65,3
10647,25x20,3
11622,20x20,3
11884,22x26,3
2704,50x75,3
3220,30x45,3
3886,11x24,3
5461,45x50,3
5614,25x35,3
12263,30x65,3
3483,20x20,3
4243,14x16,3
7294,30x35,3
7770,26x17,3
7817,26x33,3
8068,30x50,3
8675,25x25,3
11346,58x70,3
12867,13x30,3
12932,30x29,3
2154,25x20,3
2336,45x30,3
3425,16x22,3
5214,35x45,3
5886,35x45,3
6100,30x33,3
9925,36x35,3
10684,70x50,3
11035,45x70,3
12320,15x10,3
13800,20x15,3
393,20x12,3
1528,32x32,3
1935,30x28,3
2310,30x15,3
4258,32x30,3
5038,19x8,3
5188,38x70,3
6234,25x45,3
6530,20x30,3
6919,45x78,3
7286,31x37,3
10578,39x41,3
11270,15x15,3
11708,64x48,3
1499,45x55,3
3806,25x15,3
4839,38x61,3
5624,40x40,3
6936,18x48,3
8548,17x16,3
8837,35x45,3
10338,20x20,3
13801,20x20,3
428,25x25,3
3478,60x80,3
3646,36x42,3
4672,23x40,3
5913,25x23,3
7482,23x28,3
7519,19x36,3
8152,35x41,3
12298,45x45,3
12760,23x32,3
13368,13x20,3
1963,55x55,3
2199,37x86,3
3660,55x60,3
4703,20x30,3
4862,31x29,3
5220,45x35,3
5472,80x75,3
8074,30x35,3
10497,25x31,3
11042,45x30,3
11199,33x22,3
13739,40x20,3
187,20x45,3
1264,29x30,3
1551,30x50,3
2321,50x50,3
3318,32x33,3
5076,30x32,3
5518,30x34,3
6605,45x55,3
6860,45x45,3
8132,79x73,3
9115,38x41,3
12347,45x65,3
12742,40x51,3
2347,33x30,3
2919,20x30,3
2933,46x31,3
5942,70x80,3
7383,42x41,3
7974,55x75,3
9243,25x35,3
10840,20x15,3
12898,23x34,3
13283,20x20,3
13408,45x18,3
13455,15x15,3
13539,25x20,3
13830,30x45,3
440,15x16,3
2397,35x40,3
2621,32x25,3
2763,30x25,3
4274,40x35,3
4628,40x55,3
4875,20x25,3
5642,27x43,3
8533,35x40,3
10526,18x16,3
11324,25x30,3
12204,52x49,3
13239,44x60,3
1962,35x25,3
2036,25x25,3
2960,35x40,3
6464,50x54,3
7921,75x30,3
9615,22x12,3
11661,78x80,3
11927,35x45,3
12176,30x35,3
12918,7x11,3
2192,40x60,3
3347,25x30,3
3359,30x30,3
3596,35x30,3
4409,22x28,3
4440,40x59,3
5081,40x25,3
5740,30x20,3
7952,25x35,3
11131,45x65,3
13505,30x25,3
1241,28x29,3
4789,26x16,3
6537,34x44,3
6623,50x30,3
13302,30x40,3
1561,39x81,3
4219,23x26,3
6390,31x19,3
7369,45x30,3
9623,51x53,3
10174,55x50,3
10247,19x18,3
11351,19x19,3
576,17x12,3
678,15x21,3
1948,29x29,3
3314,45x35,3
3315,35x45,3
3724,23x26,3
4978,15x15,3
5264,33x38,3
5346,50x65,3
5949,25x45,3
9093,50x75,3
9593,15x20,3
10178,27x37,3
10954,20x20,3
11786,23x15,3
534,45x65,3
1839,45x45,3
2050,35x30,3
2689,25x25,3
4299,14x15,3
4753,40x40,3
5459,19x35,3
5749,45x49,3
11345,45x45,3
11896,45x72,3
12478,30x20,3
13427,38x20,3
383,45x20,3
1943,24x22,3
2458,30x30,3
3324,50x79,3
6538,30x49,3
9346,48x70,3
9558,14x16,3
10957,26x50,3
11204,35x35,3
11659,40x50,3
12462,49x50,3
13363,15x20,3
1862,50x39,3
2667,20x20,3
5464,45x50,3
6177,17x11,3
7559,31x28,3
1271,20x16,3
1291,17x17,3
2328,60x80,3
2428,13x19,3
4302,19x29,3
4660,65x50,3
5857,60x70,3
6710,15x24,3
7633,40x20,3
11128,15x15,3
11507,25x25,3
11532,35x35,3
2785,40x80,3
3035,17x25,3
4238,28x39,3
6687,35x30,3
8981,50x41,3
10486,36x17,3
10700,35x45,3
12205,45x45,3
5610,23x14,3
8474,62x14,3
9662,15x20,3
9723,21x15,3
12871,21x18,3
281,79x26,3
1873,45x65,3
2550,19x21,3
6543,17x20,3
6949,32x49,3
7691,25x40,3
10859,21x22,3
11778,30x20,3
12911,6x10,3
521,22x21,3
1956,45x50,3
3947,9x13,3
4758,36x45,3
5004,30x39,3
5576,45x45,3
5852,38x9,3
11409,15x40,3
11574,30x65,3
11997,56x72,3
12451,60x75,3
890,40x60,3
1770,35x45,3
2772,35x35,3
5083,45x51,3
9258,20x21,3
9427,23x45,3
9748,15x15,3
11058,15x45,3
11318,50x65,3
12079,35x20,3
12339,22x41,3
864,35x40,3
1038,55x70,3
1508,68x50,3
2105,35x45,3
2627,45x75,3
2719,35x30,3
3037,25x30,3
3590,48x90,3
3784,50x33,3
5757,65x40,3
5950,55x70,3
6148,50x65,3
6637,13x23,3
7736,30x40,3
8225,36x60,3
8874,15x15,3
8904,18x32,3
9358,15x15,3
11168,44x68,3
13271,38x33,3
13843,35x35,3
2304,35x40,3
3953,49x47,3
4433,20x30,3
5516,55x55,3
6095,22x7,3
7565,28x38,3
7597,31x49,3
9059,56x65,3
11125,15x10,3
13260,40x40,3
13437,20x19,3
633,55x55,3
2366,65x80,3
3244,40x40,3
3270,40x60,3
4072,45x65,3
5892,24x36,3
6472,55x30,3
6524,50x34,3
7274,30x30,3
7654,48x23,3
10024,21x24,3
10981,25x40,3
13241,40x30,3
13783,12x23,3
13867,15x20,3
868,45x30,3
1069,30x32,3
1084,20x20,3
2584,45x45,3
4249,42x33,3
6045,80x58,3
6569,35x25,3
8387,21x37,3
12565,35x52,3
13768,29x24,3
1697,50x65,3
2202,17x23,3
2887,20x15,3
3141,43x41,3
3176,13x29,3
4057,20x20,3
4981,25x32,3
5790,35x30,3
7772,35x25,3
8531,40x50,3
11424,35x40,3
11861,40x40,3
12102,35x30,3
13109,31x40,3
5090,36x35,3
5856,45x60,3
5919,42x40,3
10150,40x25,3
10310,45x59,3
13293,39x40,3
1046,11x38,3
1931,20x15,3
4371,37x33,3
4418,15x20,3
5635,45x30,3
6129,50x60,3
8778,28x12,3
9468,55x55,3
11890,45x50,3
11960,22x25,3
12585,15x30,3
183,25x48,3
2545,73x55,3
4894,9x13,3
5671,55x65,3
7644,25x30,3
8061,55x75,3
10937,15x15,3
11382,20x30,3
13094,56x46,3
668,45x50,3
1219,25x25,3
5963,15x11,3
11253,11x9,3
11268,15x15,3
11729,30x45,3
13746,45x33,3
13771,15x16,3
3184,18x25,3
5295,45x45,3
6747,25x20,3
11134,21x14,3
12093,15x15,3
12579,31x68,3
12941,40x45,3
13624,19x20,3
13750,40x45,3
2130,78x43,3
2600,55x75,3
2856,25x35,3
3025,13x20,3
6473,25x35,3
8169,35x25,3
10073,47x49,3
10151,45x30,3
12615,50x50,3
1037,45x60,3
1201,41x44,3
2250,31x41,3
2290,50x70,3
2374,50x70,3
2748,15x16,3
4205,30x30,3
7254,15x20,3
9121,25x37,3
9276,55x49,3
11012,15x15,3
11105,45x55,3
13318,31x35,3
1192,15x15,3
1806,40x65,3
1820,50x50,3
4450,38x34,3
5397,25x14,3
6547,30x40,3
8545,49x79,3
10786,80x25,3
10810,30x24,3
12576,40x29,3
12685,57x29,3
12826,30x30,3
152,75x80,3
1710,25x40,3
2861,25x35,3
4200,27x14,3
4893,12x20,3
6126,75x75,3
6285,16x30,3
7476,32x32,3
7987,20x15,3
8534,32x28,3
8712,20x20,3
10248,36x21,3
12716,10x29,3
588,50x45,2
1258,25x25,2
1669,19x27,2
1844,40x45,2
2864,30x55,2
2901,25x25,2
3677,54x14,2
4179,10x9,2
4796,20x23,2
4918,40x30,2
6763,30x30,2
7163,65x80,2
9288,60x30,2
12225,34x50,2
13591,27x45,2
13769,35x29,2
222,40x50,2
853,15x15,2
1769,50x60,2
3731,50x45,2
4202,28x53,2
7264,20x15,2
9104,40x10,2
10206,26x38,2
11304,30x13,2
130,55x65,2
4891,14x38,2
6334,35x25,2
7927,27x26,2
8127,30x20,2
11711,50x50,2
12385,45x35,2
75,40x51,2
2559,60x40,2
6202,51x53,2
6678,25x50,2
7361,10x15,2
8412,15x14,2
11123,28x14,2
11279,20x20,2
12556,53x63,2
13077,35x60,2
13598,45x24,2
13731,35x30,2
1734,45x30,2
2271,28x17,2
2988,41x44,2
4988,50x65,2
5069,30x30,2
5124,47x56,2
8394,45x30,2
9159,40x30,2
11522,30x45,2
11563,60x75,2
12008,25x25,2
12368,20x15,2
13007,49x40,2
13229,35x28,2
13671,26x30,2
1162,17x14,2
3603,40x30,2
4001,15x17,2
5068,20x15,2
6412,30x45,2
8008,30x65,2
8250,28x33,2
13086,11x14,2
1387,67x56,2
3442,55x40,2
3611,35x35,2
7292,18x18,2
7413,47x50,2
7698,14x19,2
10259,16x17,2
10462,35x45,2
13599,29x31,2
255,40x35,2
3100,25x40,2
6172,22x25,2
9920,30x30,2
11925,32x16,2
13595,33x33,2
175,36x63,2
1932,16x19,2
2298,40x50,2
2394,17x16,2
2612,20x20,2
4265,39x12,2
6886,43x37,2
8934,20x15,2
9122,35x40,2
10488,40x31,2
12101,25x35,2
1328,30x30,2
2437,55x65,2
2672,78x43,2
5307,41x28,2
6403,30x40,2
6731,25x25,2
7252,50x39,2
7378,15x15,2
9078,17x10,2
9278,37x45,2
9408,33x30,2
10435,40x15,2
10588,45x45,2
11651,14x17,2
70,20x15,2
535,41x93,2
665,20x20,2
2669,35x57,2
3473,50x50,2
3502,30x20,2
3693,16x22,2
6820,10x10,2
7761,45x65,2
7890,80x56,2
8070,55x75,2
10021,50x40,2
12548,78x25,2
13482,21x33,2
13574,90x50,2
887,30x25,2
1248,17x46,2
1391,50x60,2
2305,56x68,2
4071,13x12,2
4521,16x13,2
4525,17x18,2
5099,40x50,2
6014,11x16,2
6164,35x45,2
6624,30x50,2
7077,45x33,2
7602,12x14,2
9327,24x40,2
11129,50x40,2
11206,65x45,2
12200,60x80,2
13220,43x43,2
13626,17x20,2
1180,8x34,2
1592,35x40,2
2380,75x40,2
2913,19x19,2
4642,30x10,2
4724,20x20,2
7714,21x27,2
7882,20x20,2
8406,30x45,2
8452,45x50,2
9038,28x20,2
9827,45x50,2
11565,45x30,2
12182,24x16,2
12248,30x50,2
13683,19x20,2
25,20x20,2
164,35x30,2
704,45x50,2
1274,15x15,2
3001,30x30,2
4101,14x13,2
4114,24x30,2
4596,31x48,2
4600,31x33,2
5940,25x20,2
6133,55x70,2
6670,28x20,2
6814,24x19,2
7751,20x15,2
9956,30x36,2
9963,50x50,2
10498,17x30,2
1203,50x70,2
1319,20x15,2
1773,76x70,2
8202,51x57,2
10415,35x45,2
10465,59x67,2
10830,32x47,2
11349,50x55,2
2185,45x55,2
2525,25x40,2
4051,45x50,2
4983,75x80,2
5219,20x27,2
9324,31x33,2
11761,25x50,2
13242,29x37,2
13708,28x15,2
153,78x80,2
404,40x25,2
1848,30x30,2
6284,11x22,2
6507,40x45,2
7321,34x29,2
8866,35x45,2
9932,20x20,2
10059,15x17,2
11313,25x20,2
87,45x70,2
683,44x65,2
694,35x55,2
1681,52x37,2
2780,50x50,2
4092,45x45,2
4381,25x35,2
4588,40x55,2
7579,40x43,2
8596,20x15,2
9267,25x27,2
9307,40x40,2
10738,35x30,2
11553,64x75,2
11763,30x30,2
13270,30x30,2
13689,29x23,2
10,45x50,2
1183,23x17,2
3908,20x35,2
3988,45x47,2
4388,35x35,2
6336,50x50,2
7044,24x25,2
9179,32x31,2
10719,45x31,2
12543,20x30,2
12561,30x30,2
1244,30x65,2
2292,50x55,2
3474,35x30,2
3697,30x30,2
3811,40x50,2
4849,50x45,2
6741,13x13,2
8082,45x50,2
9915,16x18,2
10355,60x55,2
12184,20x10,2
13244,25x36,2
1908,19x20,2
2259,33x49,2
3545,50x60,2
4439,60x60,2
5036,41x38,2
5177,25x30,2
5705,18x18,2
6052,25x40,2
7701,10x12,2
8888,80x90,2
9157,32x61,2
9415,55x75,2
2791,15x15,2
2921,20x30,2
3034,17x21,2
5855,50x48,2
9213,65x80,2
10739,25x20,2
11237,23x15,2
11411,40x40,2
13721,34x35,2
466,30x30,2
3530,55x55,2
5224,19x14,2
8895,20x30,2
10226,35x30,2
10482,35x25,2
11369,55x70,2
11990,30x45,2
12237,15x15,2
12768,65x75,2
13765,29x23,2
751,16x15,2
1295,25x25,2
1897,59x75,2
3063,40x49,2
3237,55x40,2
4504,9x12,2
4949,35x27,2
5053,15x25,2
7086,65x72,2
7551,55x50,2
10961,17x15,2
11992,26x40,2
12215,30x20,2
13445,15x20,2
627,40x35,2
1281,20x14,2
3282,30x30,2
4029,32x31,2
4110,35x30,2
4720,30x30,2
7950,65x80,2
9027,9x18,2
9661,47x90,2
11115,25x35,2
12103,30x40,2
13376,23x38,2
386,65x41,2
2355,45x60,2
13326,50x15,2
13654,16x16,2
784,20x65,2
1587,63x69,2
4594,63x71,2
5519,25x25,2
7634,60x40,2
7838,21x27,2
13198,28x52,2
13429,15x20,2
13757,15x15,2
552,56x55,2
2200,25x15,2
3680,45x65,2
3810,30x20,2
4049,44x46,2
4973,42x14,2
6908,45x30,2
13356,10x14,2
13677,14x17,2
465,21x20,2
922,9x14,2
2390,70x30,2
3030,45x45,2
3579,13x17,2
3797,35x28,2
5916,29x28,2
8039,30x45,2
9856,35x40,2
10867,15x15,2
11054,29x35,2
11277,20x11,2
12982,28x36,2
2353,55x60,2
2625,10x13,2
3406,20x22,2
5628,23x22,2
5723,31x9,2
9292,22x42,2
11827,39x27,2
13823,33x40,2
472,15x15,2
1013,40x75,2
3725,13x12,2
4079,27x49,2
4342,15x20,2
7345,10x10,2
10791,45x43,2
12379,67x34,2
13633,20x20,2
13663,25x16,2
13670,28x27,2
437,40x40,2
3441,20x30,2
3817,11x12,2
4269,32x63,2
7416,30x30,2
8493,60x65,2
9502,55x65,2
9700,31x32,2
10793,50x40,2
11566,30x30,2
13053,41x13,2
13296,30x38,2
13499,26x22,2
13767,25x20,2
578,50x50,2
1140,50x50,2
1767,15x20,2
2087,70x80,2
2261,30x40,2
3181,25x15,2
3939,25x45,2
4217,20x20,2
5679,26x48,2
6328,35x30,2
6541,35x50,2
8867,65x50,2
11056,36x60,2
11994,30x30,2
1466,60x60,2
1847,30x40,2
2325,60x65,2
4004,30x30,2
5544,35x35,2
6401,25x40,2
6695,55x55,2
6909,36x12,2
7333,65x70,2
8306,38x50,2
12567,20x30,2
12621,35x30,2
12660,30x20,2
13587,28x29,2
13737,35x40,2
13793,28x34,2
243,30x25,2
1386,32x28,2
2423,31x34,2
3869,45x22,2
4280,8x20,2
6471,20x20,2
7493,30x25,2
9065,73x80,2
9268,21x25,2
10790,25x20,2
12467,40x55,2
2041,40x68,2
5026,20x20,2
8540,31x48,2
9323,49x19,2
11847,45x60,2
11876,40x25,2
13149,17x23,2
13835,25x35,2
9,15x15,2
3397,20x20,2
5077,63x35,2
6754,30x45,2
8144,30x30,2
9622,26x44,2
9744,60x60,2
10458,50x50,2
13342,9x15,2
1351,13x13,2
1555,45x67,2
2816,33x35,2
4059,65x70,2
4733,16x22,2
6123,36x38,2
8417,35x40,2
10081,50x38,2
10667,30x45,2
11288,50x60,2
13619,24x31,2
433,25x40,2
501,45x30,2
2027,20x21,2
2445,35x45,2
4641,34x49,2
5526,18x14,2
6734,20x25,2
7372,50x35,2
9254,50x65,2
13238,13x22,2
13561,19x20,2
811,40x80,2
957,23x23,2
2725,15x15,2
3167,30x30,2
3637,25x40,2
4538,41x32,2
5496,26x29,2
